sequence_id,t0,t1,t2,t3,t4,t5,t6,t7,t8,t9,t10,t11,t12,t13,t14,t15,t16,t17,t18,t19,t20,t21,t22,t23
0,328.409,317.873,332.691,348.612,343.6,339.391,323.126,327.411,319.994,312.84,325.811,330.16,332.143,354.564,414.552,433.733,424.846,417.162,403.619,409.271,391.65,388.001,393.092,409.794
1,304.157,327.093,341.152,338.492,336.879,338.53,350.312,351.035,411.063,405.591,420.055,429.087,441.401,458.122,462.894,473.82,473.126,476.423,479.143,462.417,473.042,476.033,481.968,494.833
2,216.186,232.245,243.198,249.096,239.762,233.944,236.879,220.856,207.273,208.214,215.167,236.452,246.286,263.342,264.352,274.28,277.819,265.431,263.932,276.493,273.975,273.628,272.357,295.772
3,290.326,300.954,294.282,299.463,300.337,299.891,306.326,291.143,292.311,305.609,295.625,310.564,305.074,318.779,319.011,327.159,336.472,312.881,325.434,319.12,309.414,302.478,317.883,319.259
4,261.37,282.664,292.249,306.447,302.516,294.775,297.301,269.759,270.237,268.204,277.582,278.947,306.713,311.525,310.796,319.522,330.417,330.699,333.642,334.653,310.743,299.773,295.717,324.175
5,240.763,237.719,238.693,233.916,229.588,238.617,240.873,254.242,240.663,248.267,238.649,236.664,242.65,294.902,321.231,299.872,313.934,299.526,312.997,307.419,302.609,304.32,301.647,313.953
6,398.611,411.502,427.181,443.152,436.917,429.697,436.982,426.709,433.388,425.026,482.233,493.527,532.799,548.501,545.719,551.899,569.114,546.389,543.235,550.686,540.206,545.78,552.322,568.774
7,82.8909,97.1094,110.425,125.006,106.588,112.582,101.072,94.9318,100.713,96.5168,107.492,104.52,111.682,126.951,139.645,143.699,133.132,137.669,131.379,142.301,132.314,109.994,119.101,118.656
8,51.0097,48.732,71.3841,65.9516,66.1962,54.388,48.7277,44.7677,38.0644,62.8155,37.2476,45.5479,78.6849,96.8976,71.0596,79.2516,80.9109,82.9792,49.3336,43.3451,42.4972,35.7375,31.0156,39.7294
9,73.1607,79.9211,74.6808,76.4615,72.6569,69.4085,59.9987,64.6665,58.5324,74.6403,70.6918,62.8098,56.0495,55.6856,75.7321,68.515,68.8384,48.2168,65.9563,58.5354,43.1929,46.8883,52.9803,52.9083
10,108.865,86.4908,113.012,120.655,121.852,113.203,96.7708,108.095,115.984,90.1348,113.653,111.997,124.065,126.063,139.694,157.106,151.608,157.499,147.706,136.446,143.579,133.38,140.828,139.715
11,157.113,157.732,175.819,177.547,188.772,180.62,161.553,172.949,164.676,172.572,193.9,194.101,191.813,197.698,213.261,208.357,215.388,223.82,229.922,224.904,202.271,225.703,228.936,238.862
12,247.205,280.813,280.108,290.375,283.494,297.315,301.105,296.173,298.928,303.675,301.046,314.929,324.036,337.471,350.559,340.532,352.46,368.055,352.007,353.13,364.07,373.666,373.443,392.14
13,381.277,376.843,412.71,398.111,398.634,399.139,363.787,354.534,342.629,345.085,356.852,364.532,372.502,368.943,368.769,389.581,381.371,379.712,401.487,384.92,380.786,372.538,376.841,373.968
14,367.783,381.471,364.236,373.825,374.823,369.167,382.798,394.608,387.489,393.834,404.982,412.235,407.172,424.666,419.919,416.5,420.927,414.993,420.121,424.751,435.199,445.019,424.213,443.758
15,72.2491,74.6516,87.3182,90.6757,96.5015,103.207,93.7477,93.3684,91.683,101.855,96.1917,99.2169,134.238,137.718,161.384,163.179,161.565,163.452,171.748,168.233,150.221,153.449,168.422,165.144
16,259.404,263.419,277.181,285.51,286.363,300.678,288.735,266.897,273.847,267.338,271.38,281.254,292.607,292.822,310.164,295.578,304.293,321.496,297.206,301.593,287.332,290.775,288.734,293.942
17,164.958,177.523,191.027,191.97,189.453,194.626,185.783,192.994,170.11,184.782,178.233,192.345,227.357,235.748,232.978,233.406,224.415,243.035,264.004,245.378,236.673,247.576,238.06,258.316
18,59.1013,55.671,73.707,81.3053,58.1082,52.7663,62.4757,42.1803,48.94,31.7648,48.6947,43.4528,51.89,69.7653,59.6999,56.8144,58.3505,130.171,105.948,115.496,100.084,111.172,84.5851,102.793
19,271.883,287.178,287.413,306.794,307.169,301.404,296.767,288.678,299.044,282.794,286.693,293.051,303.216,313.914,326.689,338.893,342.86,337.051,324.509,331.826,326.997,320.532,322.245,341.785
20,252.269,264.324,253.091,274.892,270.83,253.02,250.726,221.317,225.539,229.083,222.329,238.546,252.148,230.095,234.732,242.789,250.438,221.963,226.513,231.869,198.278,197.887,204.22,205.368
21,208.12,235.375,230.826,238.349,251.822,254.577,251.266,233.404,252.173,243.645,261.397,258.792,286.191,288.607,295.465,319.033,319.306,313.441,329.17,313.243,318.005,323.951,324.438,343.831
22,344.17,384.609,399.059,380.102,369.916,382.729,381.42,380.687,373.102,388.712,392.951,404.802,430.601,449.678,441.575,442.18,445.809,451.67,431.399,445.056,440.42,460.393,448.896,470.576
23,206.058,204.122,224.936,222.523,228.491,229.31,213.461,211.324,226.839,220.287,208.617,242.833,247.743,248.862,251.458,273.345,270.94,285.939,267.383,264.267,258.563,267.919,271.052,283.484
24,331.291,357.046,375.523,367.866,370.579,374.114,364.48,368.907,340.901,354.742,363.097,363.609,390.06,406.044,424.572,443.085,434.661,426,428.636,432.329,413.753,416.716,436.47,443.045
25,50.4846,58.9199,57.9209,57.0184,70.9271,53.3841,35.7824,30.9601,31.5043,26.7869,34.9379,46.5705,75.6672,76.2627,87.1831,73.8015,69.8814,73.1707,57.8233,49.516,34.3753,34.0167,34.9347,46.9345
26,258.887,260.299,281.9,290.683,295.355,279.04,263.677,251.247,252.42,247.672,244.074,274.514,280.531,283.463,272.938,289.273,348.799,341.159,339.357,326.183,320.956,317.87,317.629,306.564
27,299.874,318.217,315.569,322.523,314.542,326.223,321.767,309.1,318.868,321.029,341.475,342.309,344.827,356.306,362.73,366.181,361.534,368.742,362.219,356.422,370.271,371.701,359.705,381.078
28,124.188,132.306,152.411,159.029,169.935,169.74,159.837,150.896,159.6,167.533,170.519,176.191,192.865,196.838,204.523,218.38,216.314,222.786,222.974,211.627,218.197,237.19,222.732,223.774
29,367.142,344.748,375.945,388.357,365.821,367.222,357.599,349.83,392.424,405.432,411.798,401.059,427.69,421.437,441.829,430.141,430.913,428.206,444.075,418.816,401.766,414.153,406.594,412.218
30,191.337,175.619,198.519,185.485,179.746,186.843,182.903,171.603,179.826,160.382,168.019,168.667,176.151,181.932,173.71,187.722,180.375,160.761,155.148,165.639,159.996,158.879,159.638,163.737
31,396.14,412.63,407.2,397.123,408.266,418.502,423.11,426.711,433.555,435.514,452.889,447.066,454.418,473.989,465.853,487.742,490.207,491.475,507.766,492.488,517.216,503.692,501.766,520.521
32,107.845,129.029,136.821,142.235,134.414,137.271,105.627,112.44,104.233,111.556,109.214,118.888,143.582,135.474,146.574,144.589,146.487,142.114,139.963,167.146,167.188,155.919,161.342,153.85
33,380.499,382.365,384.059,392.463,364.604,385.403,392.639,400.03,411.722,410.201,399.953,410.409,436.224,430.541,459.211,444.124,445.676,449.637,429.742,412.666,414.097,412.963,405.201,420.927
34,96.9455,108.136,100.882,102.129,116.154,96.7777,79.1375,84.4185,77.3348,58.2367,73.9009,83.6271,88.779,98.8812,88.2685,103.734,95.519,86.8375,88.06,83.3255,78.6062,71.6242,61.8106,71.1876
35,227.653,234.242,246.917,262.354,260.77,263.825,265.028,255.232,264.638,265.082,259.223,290.796,287.201,289.916,304.953,312.195,324.244,321.993,320.053,326.269,324.387,327.66,335.46,347.267
36,383.486,399.819,407.534,403.889,399.791,406.858,396.582,398.624,405.707,394.883,410.024,415.576,410.45,433.811,438.187,437.648,432.261,430.669,431.07,437.542,424.739,437.411,428.211,443.09
37,219.411,228.056,230.954,236.53,232.081,243.005,224.471,233.93,217.78,222.791,217.662,235.118,249.593,243.967,248.251,243.875,251.295,238.45,240.639,246.505,320.75,333.01,308.809,330.224
38,133.536,146.586,175.926,176.013,176.089,179.318,181.553,172.581,164.282,181.972,192.321,195.41,213.456,229.816,240.687,244.085,246.59,244.353,227.361,237.69,219.629,226.75,251.062,259.121
39,331.303,344.479,363.214,356.247,360.821,343.658,345.669,332.591,320.13,323.11,328.516,338.125,367.818,366.22,375.354,365.518,374.011,372.623,359.741,366.781,347.97,358.464,353.643,363.745
40,296.581,316.144,326.847,335.624,333.95,324.285,331.05,326.678,317.103,323.393,321.246,320.814,338.785,341.984,347.35,362.496,331.168,336.627,334.01,336.139,334.203,324.243,331.793,339.028
41,289.493,284.629,299.363,291.331,296.045,279.943,281.866,284.369,337.277,335.097,320.208,338.014,325.983,338.654,333.911,322,327.892,329.365,326.564,315.75,325.153,318.369,307.27,315.729
42,109.954,115.917,129.441,141.373,139.384,135.038,133.644,132.134,130.836,158.317,147.124,158.672,155.742,166.244,168.857,158.032,170.414,166.992,162.274,169.505,189.706,180.943,196.303,196.1
43,60.8481,76.8871,82.3519,76.174,71.2605,67.7782,73.414,70.8088,58.8612,65.0863,72.1859,77.9788,92.3978,97.1481,84.3335,108.561,90.5163,100.132,87.7873,79.417,65.2612,78.0226,69.668,95.2931
44,206.608,229.146,231.801,251.452,234.791,244.025,232.036,232.849,220.287,224.582,229.48,304.003,327.302,338.521,347.226,360.199,360.613,343.4,344.61,331.863,334.42,330.55,353.734,352.841
45,225.75,217.416,231.437,250.062,241.669,236.289,230.59,230.117,216.096,236.232,243.346,227.573,239.167,239.48,244.613,255.174,239.113,260.558,260.846,251.978,233.997,246.913,267.158,238.667
46,94.6713,111.199,133.685,124.644,130.72,112.226,127.111,104.984,102.978,108.729,103.677,130.331,151.475,161.314,158.58,177.574,185.944,161.379,161.286,170.377,161.921,164.499,183.352,184.545
47,358.416,368.369,368.688,369.536,397.529,379.768,367.578,377.047,366.95,367.054,378.469,371.68,394.701,417.047,413.518,411.672,411.879,488.619,486.154,481.447,489.902,469.961,495.616,493.727
48,70.8821,104.15,112.706,104.13,119.15,120.187,117.079,109.409,108.247,120.078,158.725,137.93,172.844,188.583,187.834,210.109,221.718,200.961,207.705,193.047,192.925,212.492,203.837,223.825
49,239.975,245.684,261.116,267.593,269.083,275.791,265.498,261.882,253.104,259.481,260.802,296.464,283.844,324.236,339.565,330.582,357.435,344.07,337.093,322.766,317.309,319.573,333.15,355.709
50,290.736,297.727,294.578,292.074,292.756,284.592,296.263,290.391,285.513,265.584,282.011,305.938,297.919,312.385,303.357,328.752,316.286,317.733,330.71,320.927,304.317,302.22,307.122,318.787
51,342.012,334.646,356.128,348.508,352.4,333.824,325.337,328.391,327.547,319.007,312.198,319.532,329.302,336.883,359.825,371.754,361.693,338.642,347.745,340.515,405.274,375.895,388.231,412.929
52,352.513,379.679,372.769,393.032,393.352,384.062,383.314,373.018,366.495,373.756,374.405,443.247,445.13,473.692,469.643,481.217,482.267,494.935,481.479,471.646,474.4,455.069,478.234,505.657
53,157.72,156.133,176.86,166.099,152.796,155.524,139.765,155.984,153.746,151.51,165.793,171.262,166.125,156.224,182.752,184.513,182.197,184.971,163.894,185.377,159.028,172.349,155.113,165.682
54,360.625,379.407,371.888,361.796,368.385,374.965,367.717,391.812,394.298,394.208,398.199,395.401,408.413,414.642,431.928,434.49,425.619,419.394,417.648,403.994,397.096,397.518,402.222,403.278
55,204.113,211.559,207.567,211.87,219.48,219.99,183.813,194.058,193.324,179.859,188.258,185.765,200.717,198.987,200.733,229.803,211.656,208.407,190.726,180.304,182.708,175.538,187.171,195.301
56,372.732,391.998,400.193,381.295,387.512,393.67,377.038,364.704,354.195,350.208,358.176,360.991,372.435,383.169,384.256,396.53,412.928,368.193,375.17,356.665,360.16,353.255,361.569,372.018
57,350.849,366.035,355.937,365.117,376.438,376.425,378.836,385.258,363.75,389.17,387.512,394.1,393.525,418.882,403.828,434.395,420.778,434.433,433.062,443.383,433.887,433.271,440.838,463.358
58,290.398,279.782,305.27,303.644,322.72,293.798,299.577,312.584,306.703,292.612,303.334,306.953,315.762,314.487,324.757,316.047,330.922,332.416,324.796,365.306,385.109,381.126,375.762,384.72
59,219.155,229.87,229.576,237.737,223.312,209.073,203.056,202.316,190.64,200.753,193.79,219.334,190.86,210.815,202.984,208.105,210.022,184.35,197.307,203.094,178.305,180.85,187.016,180.326
60,164.246,179.899,179.708,183.827,194.486,178.695,196.499,175.658,181.304,203.57,200.882,198.135,196.37,206.199,216.51,219.901,220.455,220.702,217.952,206.85,214.02,227.05,212.463,227.385
61,145.299,134.944,153.67,142.661,142.14,144.862,132.682,138.023,120.279,119.422,119.681,123.268,140.779,141.208,152.718,157.738,162.592,166.996,151.287,148.741,145.516,139.997,140.598,150.72
62,201.849,209.54,221.236,215.545,242.195,237.88,230.372,216.295,229.132,221.113,247.032,249.316,252.419,240.979,260.111,278.729,285.568,285.116,262.579,276.8,282.89,264.137,282.589,292.352
63,305.529,308.663,313.886,317.567,317.484,303.764,292.979,287.053,263.201,278.445,275.078,279.66,293.485,276.634,280.726,299.161,292.974,286.647,271.646,270.715,265.116,257.586,252.082,241.567
64,126.742,141.292,157.034,142.684,147.208,149.299,135.18,117.183,123.74,124.379,125.583,136.791,146.022,172.974,164.098,171.734,175.848,177.093,149.482,142.379,130.861,146.751,142.673,158.698
65,117.327,124.249,122.003,130.843,142.382,136.583,120.257,134.674,120.156,141.973,143.519,144.736,152.172,157.739,171.93,168.19,174.881,179.375,165.902,163.463,158.241,161.121,159.663,187.219
66,187.26,174.984,181.412,165.125,182.325,169.311,176.252,159.001,173.462,176.318,162.445,161.577,156.179,174.051,173.491,166.324,181.359,171.764,163.593,164.598,175.234,170.489,165.214,173.169
67,57.7018,64.2809,87.6395,95.3495,68.432,96.4634,54.462,65.8168,74.1197,64.2132,62.3957,78.4119,111.683,104.402,141.843,139.744,131.48,131.526,119.955,126.925,121.026,102.248,120.146,129.506
68,116.04,131.076,139.556,142.332,156.481,146.176,137.151,150.151,139.044,150.642,155.947,165.725,199.861,195.463,206.45,196.835,209.008,216.24,204.916,218.971,202.363,212.887,217.049,232.527
69,103.454,110.078,113.546,112.545,119.071,103.17,92.4492,162.131,167.224,139.638,158.253,143.034,168.514,187.974,185.367,184.556,175.417,172.507,160.089,145.664,141.991,142.606,136.615,142.387
70,60.9302,73.1742,80.244,82.2573,104.312,78.3718,69.333,70.8046,64.7365,51.5777,77.325,77.8229,82.6384,113.986,119.714,110.119,134.548,120.99,108.31,113.786,97.7278,96.3232,96.793,116.963
71,225.286,226.034,234.422,257.85,236.919,261.422,256.634,271.606,259.236,272.865,271.547,285.126,300.968,302.23,323.397,314.608,329.32,410.394,408.974,419.706,400.311,399.791,410.002,432.734
72,179.199,198.545,182.38,184.42,172.129,154.451,154.977,141.921,131.949,153.621,142.332,146.949,147.197,154.044,166.907,159.238,160.059,147.107,136.803,119.151,107.445,117.492,120.343,113.365
73,188.067,194.396,187.013,199.771,205.846,200.365,188.319,180.27,175.461,183.401,183.48,191.897,194.408,206.395,205.544,213.326,213.178,196.257,183.161,204.907,191.093,174.488,184.754,201.582
74,323.343,345.307,357.662,364.294,367.466,356.482,350.559,336.321,333.612,333.825,340.47,355.852,368.001,377.801,381.896,394.696,393.784,390.27,398.127,368.036,370.321,375.343,373.365,402.206
75,390.649,404.054,407.412,420.688,413.51,413.447,438.52,420.826,413.751,417.607,421.376,443.985,442.204,454.764,460.812,472.928,543.942,543.947,555.13,558.927,558.614,553.133,570.784,566.989
76,214.213,231.655,254.52,225.288,236.072,236.669,232.448,228.291,234.133,229.815,249.171,257.246,272.985,285.502,296.606,295.737,318.712,303.237,284.118,288.655,282.369,299.45,305.279,312.848
77,230.017,241.786,245.525,230.497,243.448,243.104,238.539,231.022,231.313,233.757,237.106,243.867,251.157,243.636,244.991,253.349,254.277,244.017,251.083,249.865,250.463,253.898,233.948,243.639
78,228.428,236.521,255.338,255.084,253.427,259.692,251.619,270.011,278.457,263.977,272.426,271.906,285.213,323.151,315.083,320.906,329.733,324.917,311.012,308.387,316.254,300.76,302.845,333.517
79,314.294,297.57,305.398,310.503,283.714,307.515,285.581,293.494,289.291,293.657,367.578,344.363,357.997,366.275,363.82,368.229,368.386,363.418,352.633,335.374,342.98,347.618,334.591,348.576
80,107.263,140.839,136.678,147.203,137.957,132.965,123.55,117.574,123.769,110.696,92.0767,113.907,127.287,135.598,128.178,142.702,138.183,144.896,109.665,102.954,98.1199,94.0251,92.6185,83.2517
81,199.292,221.267,222.803,233.667,231.674,239.346,225.818,226.315,224.232,250.415,262.305,286.714,278.429,295.701,312.181,317.585,310.941,290.735,310.911,285.997,314.467,306.448,319.433,313.992
82,75.1555,68.1928,75.7007,75.1466,75.8965,53.508,26.846,30.0309,29.0012,10.4146,17.8524,19.5174,45.5683,48.0482,53.0531,53.9039,44.2988,37.1451,14.3386,0,4.24404,1.30099,9.47351,18.1583
83,411.362,412.157,416.371,407.759,403.021,411.969,390.313,390.672,387.232,400.119,387.983,378.407,411.166,410.748,423.781,426.191,423.921,428.004,402.879,404.467,409.646,398.487,393.974,419.293
84,301.363,327.198,326.613,331.515,342.141,347.186,345.377,357.117,351.816,368.108,369.597,370.753,379.491,383.324,407.815,409.733,398.474,416.143,415.098,436.789,413.539,420.512,448.003,458.963
85,153.617,178.972,203.343,192.013,194.891,196.568,194.782,163.741,161.635,174.931,152.732,182.857,179.2,200.878,207.843,206.675,205.059,208.549,204.731,186.158,181.171,183.764,175.977,199.393
86,230.662,238.664,232.932,234.758,238.083,218.575,210.852,203.794,202.485,185.452,176.321,180.828,193.687,200.858,215.228,207.725,207.385,198.255,189.864,192.909,179.066,169.67,166.624,171.948
87,349.619,381.011,396.498,395.155,414.199,390.798,395.407,389.201,386.866,436.849,445.614,462.625,480.309,482.715,500.339,495.197,509.21,495.168,505.809,510.588,490.108,475.815,495.965,521.289
88,73.0218,75.943,90.0518,85.7814,83.8807,98.4922,80.2259,78.5936,69.2901,64.062,74.2708,95.4079,100.586,94.6771,116.384,137.793,122.278,105.73,128.937,112.91,103.036,101.079,118.138,114.88
89,189.43,214.768,211.989,213.141,232.11,228.017,219.519,211.649,201.596,211.539,212.079,221.056,238.03,272.263,254.728,279.81,263.457,271.797,261.904,241.403,256.968,251.894,245.345,281.365
90,348.699,368.025,377.105,368.742,380.082,378.951,354.9,367.074,378.467,367.598,382.504,385.651,400.094,420.222,424.116,431.171,451.208,449.02,424.054,433.67,422.193,427.804,437.005,454.749
91,298.628,336.099,333.673,342.459,325.829,329.808,341.537,329.173,309.262,334.818,329.002,355.728,357.271,373.147,392.026,382.255,383.432,387.497,390.931,368.911,363.908,385.782,381.209,393.98
92,247.53,276.188,264.747,268.701,286.538,272.652,261.331,259.292,268.079,269.057,254.736,268.225,278.515,279.133,293.872,298.303,307.455,304.714,287.208,282.916,286.663,276.74,290.074,291.956
93,311.468,307.408,323.958,345.578,316.664,303.324,319.122,292.537,292.369,286.534,298.175,298.536,317.873,336.083,334.529,341.803,343.311,328.043,326.415,321.069,310.305,310.017,316.837,321.861
94,165.016,177.133,192.11,185.732,165.749,178.547,177.854,159.294,164.011,148.798,144.514,162.902,154.997,174.408,191.995,168.501,171.817,168.775,169.601,160.258,169.355,164.07,162.477,165.054
95,378.371,385.639,380.783,378.007,379.907,348.475,366.932,356.753,351.917,355.263,349.333,343.755,356.207,362.341,365.666,366.362,370.669,348.329,351.569,353.63,324.096,336.698,330.898,335.561
96,175.538,182.418,213.72,201.76,209.069,208.359,205.461,212.571,236.425,231.711,219.309,238.38,234.486,234.865,264.299,270.982,273.885,264.065,267.925,276.693,276.133,273.668,269.423,290.353
97,208.113,219.852,216.644,216.091,228.704,241.535,230.094,228.887,221.318,253.855,253.267,262.144,274.491,282.128,284.883,292.355,294.19,320.138,303.516,295.366,304.25,296.385,323.335,315.334
98,131.48,139.631,141.431,143.689,154.909,133.269,116.189,106.684,110.682,139.546,139.863,139.283,154.619,153.572,162.606,173.681,168.704,144.92,134.27,130.322,134.326,100.98,119.771,112.499
99,186.175,183.5,205.508,208.197,210.479,191.803,206.242,208.981,195.719,205.602,207.503,227.24,232.641,208.672,246.008,221.64,238.367,238.68,222.673,234.307,229.896,236.751,237.066,248.861
100,282.926,280.574,285.523,295.911,300.405,315.153,319.339,312.957,329.137,333.556,331.123,330.596,358.593,354.321,363.814,366.655,367.173,366.033,385.513,376.85,411.085,382.839,388.036,410.171
101,353.247,360.631,362.678,384.043,366.565,371.981,374.378,368.142,376.014,376.688,386.663,394.15,407.81,409.221,420.282,427.215,425.657,454.826,451.461,443.697,451.661,448.937,449.652,458.278
102,228.778,254.098,246.1,249.119,251.853,257.323,243.572,229.047,239.65,230.553,251.529,240.886,228.913,255.55,272.717,271.761,272.935,246.788,257.472,239.628,243.857,231.013,238.034,242.249
103,239.641,245.898,266.62,273.53,273.122,255.842,235.242,238.298,261.019,247.003,248.648,275.591,282.304,282.112,287.365,293.096,296.538,304.733,290.587,288.291,289.049,270.905,290.742,290.143
104,216.895,225.667,246.496,224.813,235.8,236.891,225.49,228.531,213.941,239.074,226.419,254.819,246.515,263.207,320.159,324.417,321.045,325.106,323.621,311.727,315.437,312.611,339.966,327.547
105,335.372,336.05,355.428,349.43,359.644,351.159,354.514,336.484,353.537,391.01,393.676,398.502,437.203,435.482,434.628,452.208,448.636,456.323,423.673,429.394,425.276,414.106,443.292,441.021
106,318.788,328.024,349.763,349.939,333.122,339.619,359.857,349.488,340.117,347.421,354.496,368.509,361.507,375.396,392.54,395.163,403.107,388.638,399.756,404.056,399.16,398.949,402.674,404.995
107,204.017,216.716,218.178,229.206,231.468,234.459,237.701,313.004,297.626,299.834,310.612,313.667,315.324,328.051,333.846,336.424,341.235,353.251,344.382,361.527,343.178,341.456,347.967,356.043
108,59.7135,91.9589,107.062,97.0629,106.082,90.4547,89.9082,104.084,90.0729,87.1665,104.872,109.985,123.908,147.101,143.02,152.07,162.778,167.406,165.277,145.772,156.696,145.157,173.039,160.487
109,277.066,297.049,320.2,329.366,320.757,316.328,313.378,299.706,282.952,287.174,302.553,323.12,342.356,351.696,426.172,436.859,425.912,424.669,410.642,398.585,405.892,405.085,416.097,427.688
110,378.306,381.929,399.618,401.958,405.658,399.62,415.086,409.824,404.348,418.749,409.201,446.887,435.14,453.329,460.023,473.927,480.557,471.71,483.174,467.213,466.213,459.701,478.064,485.562
111,192.117,204.767,214.461,220.203,217.106,211.353,191.996,191.092,174.633,173.522,172.093,174.449,199.05,202.625,209.451,202.908,205.646,178.614,190.823,176.549,173.422,168.283,158.302,158.736
112,240.012,243.712,247.394,238.582,235.564,236.298,238.614,223.529,227.981,234.837,215.181,224.698,236.184,226.277,225.789,238.912,224.616,231.835,221.481,210.357,212.87,209.058,213.888,202.088
113,278.103,278.468,268.06,290.542,299.205,288.225,289.593,276.827,261.73,260.726,279.8,276.882,279.071,290.656,299.942,285.675,294.163,308.711,285.996,363.771,351.813,360.515,367.207,368.217
114,87.6911,93.8028,95.4103,86.1525,79.2847,91.6384,79.2185,79.9991,65.0223,51.3195,70.4781,62.579,72.5747,68.9556,90.0826,70.104,71.5977,69.7328,53.2079,57.6618,62.4889,42.8506,50.1237,27.76
115,282.551,296.501,305.414,299.711,308.104,323.067,294.466,301.183,302.334,321.595,320.409,320.313,347.967,344.367,368.875,356.545,378.117,364.499,355.488,357.947,360.121,356.058,371.062,372.477
116,108.325,120.316,139.403,134.288,134.832,148.854,123.588,118.652,117.529,104.076,112.461,118.958,136.989,190.622,200.115,211.574,210.031,198.953,190.202,199.958,194.189,175.399,189.608,200.432
117,365.429,383.32,395.693,388.756,402.838,403.713,395.412,390.087,393.211,382.853,386.331,409.372,433.919,456.956,462.514,452.382,464.446,465.604,459.37,456.663,442.258,452.291,463.005,479.05
118,255.238,251.82,257.38,274.073,276.843,261.449,282.145,273.892,287.436,277.838,295.544,302.561,318.107,327.535,334.018,330.98,335.995,345.374,418.388,414.486,426.585,423.893,425.617,440.634
119,211.31,214.597,216.975,213.591,225.527,223.461,219.987,229.184,229.61,246.285,251.428,245.584,257.617,251.716,268.823,280.974,288.01,278.144,294.012,275.221,279.803,299.09,311.786,308.56
120,239.714,266.009,268.225,263.226,267.653,257.974,251.568,297.989,296.646,281.94,281.936,297.49,290.227,329.65,316.252,317.28,313.49,314.23,292.513,260.293,274.285,255.386,259.954,254.979
121,232.672,241.354,245.434,263.179,255.682,257.255,269.804,259.018,265.336,256.97,281.163,298.635,297.421,311.888,301.003,315.572,310.119,318.155,327.504,323.49,313.688,318.451,323.831,346.391
122,97.5471,93.646,116.551,135.541,133.012,114.799,123.836,95.5291,107.51,120.227,119.071,127.9,154.959,171.595,187.246,191.56,195.048,188.923,178.863,171.134,165.183,159.213,169.07,187.424
123,345.671,345.191,359.14,355.154,365.066,352.343,327.833,328.75,333.41,316.162,323.914,332.038,329.385,351.769,372.464,381.33,392.328,379.343,364.154,360.262,348.977,346.945,354.819,351.085
124,139.344,130.027,131.368,143.66,155.363,137.489,144.272,131.466,128.529,112.39,131.443,124.338,138.271,129.202,140.207,142.473,136.741,137.319,126.785,118.558,132.703,126.567,112.955,126.664
125,79.049,78.8559,87.1784,97.9762,102.674,92.575,104.838,99.9138,90.1194,102.135,120.372,130.728,132.297,126.279,147.72,156.429,158.755,160.39,156.927,153.352,150.225,143.235,166.963,173.728
126,134.793,139.643,147.343,163.724,139.399,147.196,135.919,134.687,136.648,147.946,154.17,148.082,147.455,176.38,157.753,159.198,149.691,173.041,166.364,174.707,142.231,165.135,156.625,167.247
127,87.4511,88.5261,99.6897,105.643,94.1841,110.906,105.865,83.0424,86.4443,81.19,90.9656,92.9939,103.307,131.151,131.898,153.611,137.461,124.687,134.232,121.784,117.558,120.923,111.201,125.081
128,349.762,349.243,356.846,386.928,371.472,360.635,354.376,335.503,352.327,336.382,354.783,353.539,376.71,379.475,393.529,396.773,394.592,386.009,422.808,430.748,401.789,407.663,412.065,424.447
129,193.883,220.01,232.059,238.295,240.715,219.496,220.933,244.474,219.087,234.447,229.99,245.365,250.818,271.533,277.377,278.621,275.902,285.225,270.245,280.231,296.603,288.488,289.359,292.169
130,74.1471,94.9347,101.112,107.653,118.583,107.883,101.947,94.4843,100.942,96.4249,104.712,124.265,134.872,150.301,169.64,179.08,174.077,171.928,157.888,150.115,159.183,158.109,166.05,178.004
131,376.683,401.148,402.252,412.059,411.451,409.57,397.915,405.62,421.17,397.604,407.747,413.981,426.209,455.032,447.664,455.832,449.119,454.157,442.758,457.688,473.43,450.293,446.469,477.375
132,288.534,304.789,302.877,301.843,299.745,281.83,283.051,253.45,254.86,260.008,257.477,265.744,269.271,287.919,291.929,289.22,288.591,277.843,256.193,236.827,241.61,238.136,243.61,233.366
133,250.333,241.273,254.959,275.725,277.238,246.603,245.052,239.386,246.984,226.519,229.037,251.671,245.043,262.579,251.413,264.251,250.072,248.594,255.109,239.355,230.89,225.181,231.796,242.399
134,266.237,277.245,281.405,279.056,276.027,274.008,279.149,258.091,259.174,259.89,273.137,263.499,280.561,289.735,284.617,285.672,283.472,279.787,282.655,271.657,267.421,255.284,258.776,288.911
135,127.199,131.816,138.61,144.391,135.058,142.139,139.825,146.874,129.481,110.492,133.002,163.909,159.27,156.199,175.654,169.577,165.055,169.821,167.954,146.859,149.365,159.014,160.254,174.917
136,366.803,378.698,396.831,411.38,403.451,406.818,402.986,441.625,447.3,444.39,448.43,467.928,462.637,481.088,474.171,491.53,488.114,504.661,496.528,504.355,489.808,499.167,495.443,506.037
137,244.986,264.551,251.171,254.554,278.034,253.934,255.248,251.471,246.952,227.681,239.551,232.882,271.493,245.258,254.062,255.66,250.219,268.333,270.545,241.012,229.574,220.449,237.933,241.782
138,139.796,144.689,166.844,164.157,167.382,157.338,127.225,114.706,110.878,104.69,121.722,126.506,143.666,149.221,155.734,166.202,156.58,144.11,142.99,119.649,107.035,98.9849,113.852,126.139
139,337.224,343.302,377.075,361.702,357.82,355.483,330.757,332.204,340.342,326.295,328.923,354.916,366.736,371.724,372.832,378.785,373.118,365.786,356.893,351.808,342.668,337.286,355.779,364.786
140,366.501,380.363,384.764,382.352,375.413,369.34,354.278,351.792,348.005,341.715,355.397,365.605,354.644,370.053,363.666,370.67,365.313,370.392,353.167,359.71,344.393,338.887,335.228,351.434
141,254.417,266.675,282.809,277.831,294.33,284.009,276.775,273.826,278.23,266.279,269.491,292.297,300.31,302.344,314.785,321.791,323.587,305.956,298.076,296.924,292.422,295.453,311.166,314.569
142,403.536,399.888,411.827,429.405,408.834,397.022,392.71,386.37,378.016,376.135,366.119,374.814,388.228,395.009,396.65,401.044,400.109,400.329,383.953,379.472,365.539,371.609,371.319,380.088
143,261.813,257.716,264.431,272.062,268.881,248.542,241.01,227.33,199.936,210.85,212.501,219.002,241.239,229.813,239.468,226.32,238.319,228.577,214.136,262.61,250.209,238.895,236.46,254.16
144,372.072,373.452,377.143,396.442,381.415,401.797,404.849,402.711,399.326,409.108,411.36,410.814,439.839,430.218,446.285,426.133,459.2,462.6,452.002,457.147,459.007,452.903,467.825,464.026
145,201.405,209.192,225.111,212.349,219.919,215.964,200.015,199.534,181.942,179.383,174.374,195.222,188.036,204.05,205.574,198.821,199.088,207.946,189.229,170.275,173.714,166.819,196.719,176.261
146,355.798,348.312,342.74,357.282,371.863,359.491,343.994,339.445,336.705,343.849,355.509,360.587,365.214,360.311,367.706,386.439,371.186,376.401,374.861,357.55,354.712,361.93,370.556,382.384
147,308.958,319.632,335.431,350.736,354.183,335.344,344.559,359.181,350.832,342.896,381.017,373.258,389.835,403.228,408.41,413.468,440.296,432.001,429.252,425.988,414.004,436.285,427.258,447.588
148,240.337,272.221,293.988,292.921,279.497,277.024,276.938,271.697,255.369,258.142,265.051,276.209,282.358,294.107,315.238,318.653,312.547,317.878,293.917,302.876,289.63,311.208,280.278,293.435
149,77.8197,94.7122,102.961,96.4883,116.449,110.973,98.9665,88.8356,84.9615,83.5335,96.1421,103.176,110.971,124.203,138.486,153.132,152.15,150.04,145.355,129.361,142.057,129.201,134.727,153.965
150,392.211,403.232,394.087,401.861,407.018,389.453,393.279,374.117,370.788,366.752,378.372,390.794,387.93,387.106,394.515,408.817,418.951,402.47,389.375,391.749,378.826,376.254,374.096,398.931
151,383.886,369.102,372.76,378.667,382.363,372.985,360.312,362.361,377.004,366.694,371.214,368.899,370.183,393.348,381.807,381.275,392.934,375.852,373.257,374.48,371.867,373.285,389.45,378.792
152,105.693,115.005,120.369,122.981,125.615,108.925,95.4839,117.06,79.6933,83.5304,73.5672,94.0256,95.9366,110.171,129.633,127.852,164.813,138.647,157.316,122.889,137.204,130.457,129.706,125.809
153,366.244,365.513,370.212,375.868,387.55,380.196,371.004,430.719,434.278,432.86,431.534,449.357,445.821,458.212,468.353,487.37,482.049,484.031,504.951,493.832,496.388,495.05,499.497,494.705
154,272.046,273.455,300.5,293.655,265.354,263.731,265.65,253.797,239.847,262.326,249.59,254.671,251.117,268.212,263.172,264.271,267.752,242.697,259.373,238.923,240.577,218.052,219.592,221.465
155,46.4653,66.5311,71.1892,73.3952,90.5709,72.8211,76.5994,55.1325,56.6422,53.5543,44.3833,77.3859,75.1989,92.5724,88.5797,97.2434,90.9415,103.05,88.6125,82.0171,85.2315,82.931,83.7691,74.2675
156,120.904,143.131,142.565,159.233,146.087,158.495,149.488,153.928,140.382,129.887,144.956,137.108,153.201,176.178,166.125,188.234,180.041,183.948,166.716,170.932,162.627,173.347,167.338,171.013
157,323.191,306.196,314.206,312.494,314.437,307.008,292.186,289.962,267.549,276.015,273.185,273.958,279.268,308.935,288.163,297.834,285.089,296.59,278.058,254.195,254.936,248.538,243.094,258.47
158,321.007,333.318,338.275,362.115,339.092,344.45,328.886,335.943,308.173,308.449,311.735,332.639,332.74,353.57,350.737,375.041,368.046,353.678,364.686,335.958,346.329,333.276,356.858,360.6
159,212.102,229.587,217.934,226.677,232.731,228.222,215.69,209.873,194.929,199.536,212.556,213.421,221.076,234.744,221.445,231.078,233.624,223.136,235.439,226.473,218.181,229.36,205.039,221.482
160,69.16,84.7298,87.7419,74.2598,78.1959,81.5189,64.9063,30.9202,53.4857,41.4844,37.3575,61.1659,60.4175,72.9617,90.6323,105.533,101.121,82.0811,70.638,120.613,95.2965,107.354,99.8468,117.563
161,104.936,106.081,103.383,117.257,104.477,101.579,101.5,91.1124,77.1191,62.6629,78.2682,89.8629,83.6653,95.6143,92.0849,101.115,86.3151,88.5095,83.8827,86.9155,57.3412,65.1934,75.5643,82.8335
162,114.632,126.732,125.316,134.403,139.18,137.991,119.143,103.891,96.2372,99.104,97.2869,108.14,109.367,139.414,128.326,137.559,139.771,148.05,119.076,107.465,101.518,117.171,84.9686,107.856
163,289.17,297.607,306.741,294.551,284.499,290.72,273.422,265.325,255.118,254.051,258.818,257.755,271.891,261.998,247.631,263.847,265.798,260.335,271.919,249.439,257,247.176,246.407,241.249
164,195.885,220.646,222.958,218.574,221.067,212.76,197.581,196.178,184.172,179.326,176.518,193.464,210.137,209.312,241.868,231.403,232.497,221.951,221.504,230.426,209.763,224.425,235.075,238.654
165,126.422,121.109,120.154,121.623,118.947,112.631,100.245,90.7153,95.3207,89.6837,104.739,103.064,109.635,108.359,118.175,123.485,123.873,111.554,113.147,96.7856,97.2265,84.5113,75.3835,96.8696
166,289.957,308.637,313.699,308.838,321.744,302.321,299.485,312.013,302.386,292.116,300.317,305.321,289.929,312.454,325.364,325.955,330.328,333.903,317.063,305.943,377.401,371.732,376.135,381.113
167,339.154,340.831,335.411,333.533,332.903,329.497,325.344,320.102,320.163,322.269,306.307,309.211,305.998,329.288,325.827,327.771,310.393,332.647,309.131,310.983,313.01,296.379,299.809,307.081
168,105.351,105.795,131.203,115.799,141.081,126.407,97.8534,110.579,115.068,108.43,121.105,117.602,125.256,146.433,156.274,158.294,171.389,151.302,154.857,147.143,130.679,133.07,148.777,173.548
169,125.08,141.1,129.128,139.857,140.872,124.249,116.228,111.648,109.513,102.104,110.893,103.609,102.798,135.361,118.912,120.083,121.151,115.941,104.119,98.8815,92.4289,91.1927,71.8163,109.926
170,110.373,135.409,126.052,142.483,135.269,139.498,142.987,157.056,134.312,142.96,143.586,157.552,167.659,169.137,183.267,178.702,190.729,211.123,206.581,206.686,199.81,199.597,208.452,224.307
171,161.584,165.779,171.367,189.857,155.379,159.469,160.577,128.693,127.141,123.974,127.004,120.649,145.141,152.671,156.034,145.588,149.158,133.142,127.213,136.639,112.048,97.697,109.224,101.594
172,132.868,138.983,130.634,136.374,140.296,127.161,122.096,119.99,107.737,109.75,121.963,112.472,129.841,131.439,119.853,124.053,123.616,117.514,115.766,113.541,112.733,102.572,97.8209,89.3547
173,280.256,288.283,283.676,292.651,296.774,288.12,292.815,286.155,271.383,290.442,287.068,281.787,306.881,321.213,336.116,331.016,341.117,332.781,315.251,362.453,379.545,380.91,379.308,398.06
174,86.7538,103.936,96.8885,121.795,111.697,122.985,115.134,116.48,113.233,121.128,143.473,147.814,204.232,210.975,226.306,234.533,221.983,228.696,214.027,236.876,245.105,232.354,220.654,250.9
175,190.649,207.095,209.886,205.871,207.327,202.456,184.896,161.595,170.568,135.987,155.909,161.592,177.982,191.534,203.128,189.997,195.632,182.257,153.58,169.059,132.096,142.205,143.552,149.71
176,105.603,117.626,136.717,147.492,136.335,140.879,127.895,113.218,113.849,113.725,116.133,192.666,204.046,202.375,212.13,234.325,224.614,229.105,225.799,202.248,196.675,221.572,216.575,220.65
177,243.83,251.034,265.157,251.286,268.704,260.227,256.944,224.013,240.316,234.977,242.141,240.889,261.768,254.232,280.892,272.731,263.08,259.216,296.92,279.039,280.559,260.477,261.638,298.819
178,304.105,315.815,334.355,325.667,331.854,326.508,316.602,307.799,306.547,306.332,303.588,329.354,329.006,348.949,359.297,370.443,350.717,369.844,349.434,356.743,338.204,341.731,363.351,356.786
179,320.441,315.59,319.259,325.725,332.615,328.68,333.399,335.424,315.809,318.728,316.812,350.601,344.212,353.029,344.525,358.94,364.007,356.54,364.438,371.597,344.155,344.538,349.395,375.324
180,105.292,97.5983,99.8353,106.009,96.4831,90.9002,86.4703,86.3544,87.9563,76.3169,77.2821,70.5351,68.9369,82.2965,79.7129,66.1845,71.7896,68.5438,58.7292,68.2726,55.0502,59.0455,49.3901,49.2122
181,308.788,324.045,341.184,348.856,343.238,350.409,341.687,316.672,334.52,349.753,334.957,360.557,385.865,380.625,397.971,394.812,420.985,406.069,403.595,410.542,403.768,394.195,403.311,423.693
182,408.087,402.095,397.759,401.643,391.939,395.993,409.449,415.703,401.394,394.669,394.181,394.304,423.959,411.495,434.249,430.704,405.452,411.785,408.29,409.534,407.425,431.699,401.343,416.112
183,129.461,148.329,158.846,160.532,160.868,161.881,149.969,134.938,119.267,122.236,128.435,139.489,143.301,149.3,154.558,154.009,163.735,148.131,143.778,140.524,127.262,139.383,145.422,142.383
184,156.568,157.71,158.306,162.4,139.111,164.337,154.437,157.181,150.769,147.997,146.904,154.902,153.111,166.189,149.412,159.272,179.897,157.107,158.001,150.643,158.968,150.326,156.232,167.365
185,325.546,360.634,351.907,352.212,345.715,352.431,363.587,364.821,363.456,361.021,350.836,373.545,370,378.314,400.894,409.308,415.459,412.694,411.938,398.777,406.299,398.192,400.364,431.083
186,163.986,163.958,161.951,180.823,174.162,168.148,178.699,141.917,150.927,137.998,156.341,158.933,169.564,168.955,177.86,194.521,199.362,182.778,162.984,222.861,233.31,212.802,226.796,216.649
187,392.26,411.142,426.638,420.978,418.795,428.009,415.666,394.863,390.37,403.958,406.299,420.668,445.777,459.586,477.314,458.918,477.781,477.228,452.219,527.852,522.284,530.565,551.109,567.428
188,238.07,257.526,258.83,243.355,255.228,248.868,234.715,231.714,217.034,214.158,215.351,204.22,228.108,231.791,233.63,256.42,246.007,234.602,220.789,218.143,216.572,199.05,207.454,220.422
189,355.33,377.05,404.915,395.264,402.461,413.11,386.747,399.66,382.21,398.694,398.77,408.802,422.426,434.565,453.74,468.642,463.63,458.227,452.749,456.69,455.576,442.709,451.028,472.988
190,81.1114,96.5254,120.469,103.243,106.38,115.433,125.948,130.204,131.468,142.081,125.561,158.14,156.246,174.704,167.233,184.85,191.408,201.494,181.154,195.671,189.473,206.906,216.07,229.118
191,156.416,173.674,176.09,176.582,197.249,179.5,184.726,182.887,188.324,181.024,188.668,207.09,228.839,253.577,235.371,258.062,250.284,266.518,247.915,247.082,247.157,254.699,266.002,279.44
192,361.248,350.682,346.902,361.069,371.304,360.063,354.005,345.465,364.33,341.626,345.681,359.42,344.401,373.836,372.009,375.83,372.696,364.782,354.392,358.603,349.761,361.047,365.233,373.97
193,77.3458,87.247,106.165,103.81,107.315,116.135,111.72,90.3149,100.249,92.6907,105.372,130.249,142.156,158.845,181.421,214.084,213.897,212.691,210.006,186.779,200.64,200.012,218.926,229.148
194,104.195,111.558,121.807,115.877,119.838,113.158,122.484,122.676,121.504,118.889,108.688,119.774,126.052,130.661,138.204,151.235,146.833,131.451,142.933,140.783,128.227,141.972,136.124,129.844
195,49.6361,66.2973,66.0777,71.0022,73.7363,61.0873,61.5962,49.4974,71.1397,58.1327,72.1362,79.0526,86.9309,78.5074,92.6273,109.756,111.317,104.946,98.1737,85.8593,99.094,93.2894,102.283,97.7452
196,357.58,357.388,386.101,396.335,381.412,367.003,370.219,379.287,385.705,366.686,378.712,386.242,397.512,393.767,388.974,409.772,415.213,405.316,408.028,399.8,396.592,412.982,411.188,416.979
197,79.9042,99.6203,98.0772,93.1541,97.7078,89.9285,84.712,69.0484,60.9766,55.937,84.3754,86.3725,103.349,107.31,129.715,128.452,118.864,108.214,93.1509,72.4344,72.1781,70.8059,73.3484,81.4902
198,380.766,400.958,415.655,425.741,431.757,445.092,419.906,417.263,395.308,407.408,430.129,438.178,417.77,476.198,500.813,478.511,509.121,471.627,494.882,480.884,458.99,483.846,498.495,506.861
199,256.141,258.348,239.671,248.151,256.389,251.733,265.245,268.454,255.185,275.731,279.019,276.088,286.26,279.21,298.413,305.826,310.004,313.005,312.343,308.689,314.414,323.027,318.943,328.511
200,307.504,319.087,327.98,334.323,333.631,320.263,329.331,320.959,321.637,311.336,337.287,330.637,341.12,354.617,360.246,392.915,392.37,381.941,362.805,377.302,355.732,357.141,377.328,382.652
201,263.902,282.308,298.625,297.583,294.423,286.161,294.867,300.086,295.289,294.645,290.26,308.504,282.371,316.349,338.78,309.475,321.078,322.806,318.1,329.024,324.372,323.279,331.762,330.45
202,56.3858,82.9249,73.4369,72.6659,90.7152,97.3842,80.0811,70.3768,54.1594,73.1756,80.6537,71.4843,107.827,117.889,131.196,132.612,133.703,128.601,124.707,96.5328,95.0359,101.687,112.342,126.86
203,81.6075,87.0332,104.18,116.239,89.8799,136.033,118.621,106.671,126.449,111.735,123.554,130.467,161.697,161.758,175.664,192.077,190.612,185.09,191.755,200.526,182.351,184.231,192.64,213.629
204,317.87,331.945,355.47,352.01,343.921,346.37,362.713,360.25,412.484,412.214,431.159,423.137,444.6,470.024,462.411,460.968,473.951,467.885,460.013,476.296,480.606,472.672,478.546,482.797
205,185.997,194.285,192.399,202.7,199.984,204.49,266.304,257.755,249.027,262.448,264.461,258.559,286.93,299.778,319.869,301.329,301.765,296.045,303.836,301.031,291.768,298.476,288.862,319.689
206,170.643,183.012,196.674,192.76,191.423,187.872,170.984,156.256,157.199,154.539,152.879,142.041,155.388,168.362,182.785,178.113,184.207,178.211,167.406,157.58,132.217,141.202,134.217,131.872
207,350.369,383.869,378.075,384.064,374.945,390.222,370.511,362.542,374.125,374.437,381.457,381.871,399.696,414.96,434.067,447.465,439.278,448.289,432.857,416.992,421.657,429.971,439.539,445.416
208,372.788,377.932,378.425,376.927,377.27,376.485,384.722,364.635,363.809,355.482,369.674,378.592,385.632,379.241,385.927,381.639,386.109,381.232,374.761,370.973,370.321,363.37,365.319,384.636
209,219.525,232.716,234.033,231.933,233.154,219.251,217.256,213.47,196.822,198.571,200.143,218.982,220.029,228.153,212.301,216.403,231.943,200.273,226.721,196.759,213.958,198.468,215.221,236.249
210,393.776,392.855,398.85,392.359,406.049,386.908,406.273,390.912,381.654,405.787,394.33,413.432,412.089,400.081,409.089,412.578,423.972,413.951,409.707,404.543,404.428,415.421,406.855,406.968
211,302.402,292.658,302.996,279.112,303.374,295.955,290.965,293.834,286.838,273.7,299.65,297.265,296.706,295.385,294.405,309.536,320.539,307.675,292.558,302.991,299.182,306.407,305.93,280.238
212,305.625,295.409,318.941,321.707,315.416,305.064,299.708,311.287,287.956,308.001,300.459,305.784,299.084,317.773,328.625,315.321,329.441,323.129,312.804,320.329,292.839,312.67,325.148,328.482
213,67.1997,69.2277,91.7374,107.81,89.628,73.8206,65.4265,74.0057,61.7679,68.6391,62.4218,83.3283,88.2533,96.4959,109.14,107.838,132.708,110.475,108.011,90.1686,80.5008,86.4238,102.171,99.1878
214,65.3073,84.7776,83.0912,91.1064,94.0151,78.4102,77.6076,74.3231,71.7105,91.0378,92.6878,99.6297,88.5718,136.077,121.105,150.367,124.665,129.133,115.69,133.89,121.556,124.088,127.386,153.211
215,333.044,352.106,359.679,372.457,377.02,372.824,351.78,360.137,347.808,345.706,347.547,357.779,387.625,387.574,395.554,396.972,418.78,405.664,383.082,380.288,376.774,379.798,377.933,396.097
216,72.626,99.3901,97.928,102.647,96.6167,98.7463,90.9584,178.631,178.611,188.609,181.813,188.877,198.654,211.71,199.326,222.154,219.741,213.741,207.068,224.188,239.167,244.622,239.246,258.611
217,285.827,282.78,290.628,291.087,295.866,302.945,293.666,251.709,253.495,245.031,264.699,268.212,273.209,291.264,295.991,316.211,304.648,296.966,258.351,267.232,275.767,266.685,244.787,266.182
218,255.388,252.746,264.045,245.476,257.54,264.077,266.777,240.707,250.754,261.766,244.64,262.969,267.886,287.296,276.623,279.655,287.753,267.867,272.937,267.285,267.385,275.168,275.378,269.839
219,213.674,224.395,219.151,246.651,227.572,236.25,214.962,206.821,215.804,212.453,209.34,221.056,222.338,234.259,236.33,252.024,237.647,249.35,226.833,221.416,221.596,214.119,214.714,224.154
220,127.491,127.629,148.4,134.122,130.218,123.432,104.6,97.1725,93.9012,103.979,96.068,97.962,119.505,129.955,133.095,117.668,117.277,128.429,106.181,92.4438,93.0119,92.0695,80.88,92.7132
221,113.143,130.941,151.174,152.327,152.219,155.955,141.982,150.203,153.96,146.779,153.336,169.857,165.075,200.031,232.463,214.212,216.744,250.969,253.798,244.051,217.142,241.398,265.011,261.327
222,292.128,295.758,306.833,327.345,315.53,305.143,292.867,279.467,279.344,289.497,300.695,296.954,325.088,317.87,330.29,327.809,343.618,347.386,308.924,358.079,365.88,343.434,363.794,377.616
223,132.125,139.88,163.211,147.902,154.938,151.187,137.049,134.019,145.703,122.297,123.267,143.029,147.678,168.131,166.089,166.265,152.065,223.351,212.331,220.759,200.233,219.258,212.936,218.896
224,69.1634,75.4106,91.1736,91.0351,94.5263,81.5955,99.15,72.4064,86.1595,72.699,85.5883,93.7574,163.246,158.31,182.392,193.48,177.137,176.153,166.144,162.017,175.148,153.921,159.339,188.516
225,212.787,247.825,257.239,261.194,259.414,250.959,256.459,233.788,242.833,256.215,258.508,246.888,270.001,293.032,301.404,297.774,312.934,305.352,313.267,288.446,295.397,276.798,285.715,312.017
226,249.894,268.719,266.901,272.724,265.37,264.891,277.491,257.357,244.425,249.618,243.692,256.716,286.391,285.048,309.671,298.118,298.285,299.37,266.21,282.578,276.217,288.189,288.354,279.924
227,164.943,178.885,179.429,194.7,183.686,178.774,179.115,221.109,214.803,218.459,213.314,213.529,227.23,221.718,226.454,241.302,239.074,222.201,213.419,223.535,214.4,209.09,205.332,214.304
228,61.6179,78.8945,88.1498,85.8486,96.9939,90.3208,76.1714,87.7994,82.3364,104.804,103.382,109.22,119.721,133.234,135.701,137.487,147.307,152.655,132.553,141.403,142.527,145.673,149.77,164.139
229,284.081,288.074,295.909,314.413,303.105,294.263,297.167,292.948,272.779,288.37,299.906,304.417,328.555,330.636,340.063,355.138,338.938,330.734,331.711,313.939,315.832,309.923,322.556,322.001
230,269.542,285.548,298.941,316.682,317.959,323.655,317.819,317.035,312.252,311.903,326.383,336.222,345.415,366.115,348.458,372.264,374.982,385.574,385.588,358.079,379.895,362.074,369.679,388.213
231,270.524,261.93,267.303,267.719,279.641,239.759,249.989,252.9,240.467,245.26,246.661,244.63,253.713,261.528,256.835,255.442,255.916,253.479,234.827,247.654,236.649,248.524,243.503,250.357
232,65.1785,80.2614,69.5828,80.6697,83.7077,84.1451,57.7313,51.3354,63.2194,43.6914,61.2774,76.555,91.7834,100.524,109.138,124.389,119.895,107.581,105.408,100.521,106.345,98.8708,107.865,103.67
233,171.164,182.068,183.62,197.241,194.135,193.332,169.141,171.053,166.976,172.673,168.699,164.791,190.101,212.23,224.294,243.295,234.731,225.943,217.354,218.769,200.436,204.279,202.729,233.859
234,251.626,260.466,268.458,281.617,276.937,273.329,261.27,267.578,262.665,262.438,271.814,285.159,295.897,305.816,308.42,311.022,308.103,308.867,308.768,297.32,301.536,293.94,293.589,322.383
235,388.757,379.286,384.78,397.756,375.859,405.922,408.825,366.707,387.422,383.61,389.922,392.687,407.281,404.64,402.247,410.835,417.49,403.747,399.132,427.329,406.092,411.292,411.887,423.448
236,395.267,406.873,403.233,427.101,410.253,424.835,418.829,393.653,393.096,378.126,396.509,395.524,401.371,418.314,424.892,429.555,438.151,418.216,429.754,396.649,414.118,391.46,403.121,407.197
237,284.016,290.728,284.158,282.19,278.983,281.232,282.471,260.92,272.423,282.953,279.509,267.012,262.517,279.369,258.312,285.44,272.882,285.82,253.095,269.997,258.427,254.614,246.011,262.896
238,302.844,316.768,353.027,342.799,362.018,349.786,340.319,327.319,330.469,326.212,331.165,353.213,363.334,374.94,399.651,402.123,407.699,395.566,381.618,397.266,391.168,387.017,384.628,398.853
239,366.56,386.775,366.275,384.967,399.046,382.897,379.876,371.975,390.157,376.993,385.755,381.472,409.49,411.96,407.303,401.682,424.858,409.824,403.239,397.313,406.424,401.61,411.624,427.397
240,79.5532,109.329,99.4598,109.953,94.761,116.197,94.8591,101.721,89.0829,95.3687,100.474,99.7725,122.524,118.115,138.696,133.981,140.307,181.683,180.419,166.062,173.392,172.172,172.127,184.295
241,331.097,352.845,339.551,342.269,361.603,351.266,355.258,353.653,356.868,342.466,362.114,370.949,388.17,395.788,422.928,418.38,435.469,412.449,419.572,408.009,403.36,413.108,413.002,406.016
242,165.629,188.51,177.699,170.298,178.205,180.95,171.159,190.761,194.785,181.617,180.505,174.659,202.757,196.362,197.865,206.828,199.216,204.373,190.015,208.609,198.373,209.401,201.322,206.269
243,127.436,136.144,127.452,142.028,149.369,135.96,131.348,128.605,122.278,114.174,124.901,139.071,130.456,143.616,141.485,162.843,153.706,143.623,145.322,129.115,126.455,122.175,128.095,153.415
244,324.958,348.64,361.11,386.82,375.153,362.428,366.913,372.8,339.72,347.928,360.284,371.203,387.038,394.426,428.452,413.351,425.041,432.072,417.725,404.394,398.501,409.362,412.657,432.715
245,179.647,175.874,181.591,185.43,184.214,175.363,156.544,134.105,136.138,139.446,140.073,156.601,173.906,175.595,188.601,186.091,189.578,181.042,160.944,146.085,129.128,126.381,126.424,142.118
246,95.8255,110.71,125.627,118.805,125.243,96.5784,115.939,95.7054,81.5062,88.5191,70.2072,84.147,107.486,90.4706,116.79,119.002,127.784,92.1909,107.98,80.8749,74.5987,65.6846,69.1957,88.0263
247,371.878,389.812,393.325,399.75,403.792,401.135,381.655,367.442,370.658,372.561,361.042,374.028,386.418,401.528,405.527,421.205,401.453,395.91,397.537,443.694,427.716,433.245,438.824,447.311
248,223.204,239.868,261.789,254.868,266.946,256.681,260.587,251.29,266.215,263.678,277.428,285.128,316.441,320.054,329.378,336.545,331.654,341.35,322.646,330.299,306.71,319.207,334.99,321.767
249,288.729,286.512,297.314,286.988,296.626,284.931,259.348,290.754,262.084,276.742,264.575,273.717,261.33,273.453,267.289,281.529,270.505,271.297,242.569,255.268,256.051,252.654,258.137,248.388
250,346.023,352.159,370.804,382.929,382.198,369.925,373.022,367.97,357.447,353.378,358.838,379.276,383.001,385.732,389.276,414.407,404.155,408.293,410.577,385.198,392.429,392.201,401.602,417.131
251,300.431,307.648,308.734,310.415,307.84,291.192,301.574,297.591,285.444,269.595,280.411,284.56,276.617,285.662,278.944,294.858,288.921,270.125,280.708,272.048,272.33,262.659,259.161,261.081
252,90.8576,98.9577,127.649,104.284,105.437,132.746,104.552,84.932,99.208,84.6364,102.052,98.9103,104.604,128.521,125.997,132.113,127.259,116.718,119.953,119.524,107.423,120.209,115.462,116.173
253,276.603,277.232,287.966,288.365,295.266,293.49,287.607,273.416,297.788,283.209,286.627,289.238,293.798,315.785,319.225,314.621,311.088,316.01,309.732,305.704,309.039,303.687,312.165,316.484
254,109.892,113.167,110.625,127.182,108.912,106.735,116.907,96.836,95.5567,86.5735,101.189,103.102,105.165,139.446,137.536,132.608,127.891,140.392,130.728,113.601,115.127,110.015,103.246,115.495
255,307.731,317.735,343.193,345.382,352.289,342.648,331.176,331.746,317.17,333.354,329.461,357.553,363.826,391.359,387.127,398.606,473.768,476.522,473.852,454.211,465.02,449.768,468.795,465.717
256,122.606,121.4,126.613,137.615,138.52,148.366,151.818,150.379,169.151,154.839,178.77,168.262,187.231,206.17,214.71,209.341,221.982,223.839,217.976,229.05,241.951,235.663,243.464,253.264
257,255.765,250.863,258.555,280.378,264.593,264.707,271.558,255.187,238.464,256.325,255.483,282.561,279.812,307.49,324.873,310.542,316.821,317.587,300.898,303.199,295.349,296.205,305.238,317.004
258,152.399,158.713,172.903,161.495,173.115,177.277,171.848,190.91,178.586,182.794,183.216,195.044,194.915,212.745,214.696,225.674,210.359,222.372,242.288,236.4,240.867,244.362,244.345,243.427
259,297.797,329.805,323.069,340.114,342.096,314.237,309.437,295.949,288.271,302.545,300.738,313.031,330.366,324.361,359.815,351.831,357.98,352.585,349.481,328.572,306.32,322.864,329.114,329.536
260,272.432,287.508,298.73,320.269,313.721,314.628,308.271,313.3,320.339,318.39,326.657,337.683,335.608,353.458,370.499,374.286,375.24,368.726,370.732,377.253,378.697,376.571,391.502,399.071
261,266.329,285.676,284.5,299.992,299.623,311.855,300.403,313.602,321.28,328.688,321.786,336.024,346.211,365.971,349.727,360.761,395.212,373.807,363.207,376.017,361.742,390.547,401.57,395.782
262,258.175,272.311,291.002,292.536,307.038,301.077,300.304,291.154,288.152,277.606,302.41,310.845,330.489,358.539,359.42,385.278,388.702,380.116,359.889,343.883,366.952,361.89,364.33,394.703
263,364.788,383.651,382.985,392.584,387.148,368.566,337.318,334.675,340.052,317.019,328.115,339.794,358.118,351.036,356.846,362.882,361.584,347.968,345.104,317.825,315.604,313.68,308.224,324.502
264,322.63,330.778,352.703,353.255,343.147,354.116,333.967,348.653,362.271,356.742,363.949,345.958,375.086,389.066,397.165,406.405,400.183,401.879,392.835,402.143,395.025,393.495,404.859,432.693
265,65.8206,53.1022,76.1872,86.8662,91.8199,83.369,71.6794,77.1767,76.8001,79.2783,99.9011,92.5776,116.842,127.849,144.412,142.341,152.408,143.906,145.961,127.665,117.787,144.586,151.693,162.193
266,137.277,149.412,135.477,133.769,126.407,148.839,137.028,134.518,153.855,130.92,118.882,130.084,126.996,134.769,137.067,136.572,129.52,151.434,138.322,131.364,137.257,134.362,133.78,139.406
267,208.482,238.626,235.588,250.182,251.782,239.626,230.962,227.515,222.44,216.132,230.226,250.595,274.732,285.178,272.974,306.541,298.365,302.487,291.671,283.163,279.919,281.977,300.552,302.667
268,300.929,290.177,300.492,286.322,282.121,303.322,274.847,286.663,274.351,267.542,269.88,260.756,272.899,338.751,345.175,355.077,347.208,329.226,342.887,331.01,322.638,330.449,322.474,315.412
269,178.644,175.103,185.461,202.867,197.886,186.099,194.843,185.559,174.353,174.135,179.459,173.597,184.908,191.96,179.424,192.767,190.834,198.393,171.131,207.348,203.456,213.967,207.3,225.445
270,324.933,346.826,361.382,336.708,361.544,340.003,313.367,291.738,294.093,302.395,304.772,318.761,320.957,328.146,342.102,348.422,346.224,328.64,329.479,304.611,293.2,292.043,307.728,306.463
271,128.776,138.047,132.842,140.763,127.303,127.87,113.522,104.331,93.5014,94.2168,103.634,106.349,103.244,123.044,124.786,141.757,140.843,130.816,111.487,108.783,94.9936,86.6617,104.566,113.103
272,159.54,159.541,168.59,153.33,167.477,163.376,149.56,157.084,126.49,128.474,128.06,137.543,159.621,172.51,161.833,163.972,157.692,170.155,158.866,139.243,121.678,119.586,133.721,143.505
273,377.085,387.552,387.836,403.053,407.167,398.112,392.468,406.775,384.438,403.686,400.451,417.888,439.78,447.688,471.17,459.14,481.831,456.1,468.529,471.672,467.352,454.788,464.702,482.701
274,290.655,303.834,307.39,318.237,315.663,305.447,287.927,298.12,285.335,288.172,301.012,316.829,315.768,331.088,323.411,341.311,338.706,403.146,382.625,378.652,384.962,375.595,371.84,409.436
275,101.03,105.47,102.555,131.591,114.121,120.923,113.029,112.426,111.887,104.624,118.645,120.807,138.276,124.171,133.26,133.597,153.817,135.587,146.599,149.421,140.757,132.403,135.412,157.336
276,367.978,359.721,361.631,376.118,364.849,346.087,370.743,354.727,364.959,371.849,361.804,371.881,368.13,382.583,363.632,373.027,377.963,369.258,377.464,362.255,380.47,380.378,366.621,371.03
277,259.3,264.174,273.305,258.504,277.15,270.878,280.828,278.024,272.906,272.538,261.772,285.706,294.893,308.697,322.911,296.802,308.316,303.714,307.613,302.921,299.17,310.345,297.689,305.402
278,155.296,165.324,190.57,189.814,199.435,184.764,178.488,166.537,166.373,172.772,170.493,189.895,194.242,221.813,299.439,317.602,311.92,318.991,289.948,279.729,281.999,276.496,283.221,311.218
279,99.9683,122.136,118.32,139.002,119.24,129.342,129.413,114.766,112.118,124.751,126.064,114.459,121.938,115.896,145.23,141.017,142.573,129.463,208.654,211.796,209.366,216.445,222.815,240.583
280,241.048,261.085,260.129,253.139,281.594,259.335,244.73,259.212,242.127,255.61,243.423,250.367,264.591,273.716,280.523,276.058,279.938,277.603,267.438,258.888,244.396,259.685,257.63,259.388
281,264.229,266.254,262.448,278.692,283.8,285.498,276.115,257.771,261.944,292.007,270.874,297.402,286.238,299.977,312.809,305.269,325.882,312.716,313.409,305.193,311.57,320.244,310.587,331.845
282,259.008,262.929,260.744,273.623,273.374,271.558,270.652,269.542,267.255,272.76,269.68,300.786,273.829,285.998,291.33,314.889,289.449,303.352,300.994,300.737,307.894,309.174,299.03,308.889
283,127.218,152.188,142.149,161.127,151.399,153.131,166.408,159.116,162.323,166.878,152.437,177.384,161.916,187.856,184.713,185.437,199.066,200.426,197.431,189.07,187.124,191.553,193.988,202.662
284,119.73,144.424,163.61,149.498,150.834,146.945,112.283,112.579,110.75,81.1827,99.3602,124.245,134.872,141.252,153.579,205.102,204.349,188.458,179.842,161.788,168.032,166.622,168.304,162.264
285,173.28,191.198,185.666,200.976,202.715,195.513,176.025,147.194,150.609,161.928,139.417,152.448,173.673,176.745,198.205,174.056,167.781,176.272,144.805,140.691,132.52,137.114,135.295,140.593
286,177.719,187.733,190.266,181.745,184.366,180.486,167.989,162.206,169.289,162.38,153.791,152.662,182.954,181.79,175.637,197.807,197.651,162.768,165.649,161.432,160.921,148.257,148.385,168.126
287,377.603,384.102,398.493,393.304,394.678,412.818,389.153,410.753,412.199,411.989,406.058,414.06,429.432,431.274,442.972,462.276,465.786,453.088,466.298,463.928,473.266,469.214,479.581,483.961
288,339.244,355.6,365.629,368.128,363.309,354.504,362.483,349.819,334.537,340.872,332.91,355.645,364.63,372.476,398.254,380.763,395.399,447.223,431.663,416.108,402.953,400.864,412.903,419.205
289,267.029,283.552,293.002,314.476,301.647,282.367,291.502,285.401,275.523,266.82,295.811,282.923,309.112,317.769,330.711,344.778,405.679,392.204,398.401,377.384,379.229,367.58,374.878,393.29
290,367.356,385.944,385.823,409.083,402.362,402.534,408.694,396.133,395.248,412.255,405.969,413.782,438.269,444.767,511.285,522.141,523.291,546.12,539.371,528.969,538.334,526.301,537.548,551.584
291,273.479,286.883,303.823,312.129,311.763,297.283,292.485,297.431,302.549,293.329,295.691,312.453,316.009,350.02,352.715,352.742,358.097,351.75,360.224,341.877,341.273,345.954,342.313,361.463
292,346.33,356.338,366.869,380.74,361.812,366.219,369.979,364.182,361.719,381.279,369.409,382.286,381.545,386.821,445.245,458.701,457.466,455.146,445.895,440.308,439.568,448.01,454.185,448.153
293,362.093,376.125,372.807,384.139,383.348,378.525,374.191,381.679,365.149,375.228,378.136,372.97,398.908,394.055,418.915,414.755,419.639,406.372,412.779,414.289,397.572,399.93,413.347,422.074
294,176.841,175.541,206.394,203.999,216.83,211.598,214.34,205.323,219.308,206.844,241.839,252.391,259.944,269.481,269.213,286.746,280.602,269.814,293.354,289.446,281.035,275.442,288.078,288.811
295,251.583,278.593,284.893,300.277,283.817,283.416,263.079,257.411,284.788,287.457,277.539,281.084,298.976,322.041,321.815,333.839,332.222,323.29,316.337,315.599,300.954,312.769,311.391,327.06
296,101.122,113.895,136.21,109.455,125.399,136.017,114.64,115.774,118.326,118.182,133.544,131.755,147.578,142.864,146.97,155.4,148.966,160.303,149.904,208.886,216.445,204.34,223.965,221.124
297,147.053,145.325,133.399,155.159,144.602,147.958,142.417,125.963,121.169,131.945,124.659,136.836,131.264,144.221,141.68,140.98,133.899,135.089,138.026,123.303,124.324,118.66,119.669,134.72
298,139.727,152.596,163.827,166.263,150.426,162.493,147.235,133.318,147.282,147.327,140.979,151.44,160.919,174.956,176.515,163.317,189.047,176.871,157.538,146.645,154.298,147.064,155.178,165.386
299,77.7334,76.1392,93.2954,106.179,106.665,93.5885,86.7329,92.3888,94.8286,94.9401,92.7479,107.655,127.612,127.556,121.277,141.114,157.198,128.625,135.346,129.481,130.136,132.282,144.994,144.979
300,39.4635,64.9153,85.0562,73.3664,70.6834,52.5353,41.7412,39.4294,38.2719,29.5949,25.2096,24.964,84.6471,85.6501,86.008,89.6553,94.557,82.4727,60.9095,60.2229,48.6241,37.2777,44.7753,51.0843
301,308.018,312.046,318.559,331.878,330.381,344.788,326.224,324.83,343.525,324.141,336.182,346.449,358.703,366.741,375.521,380.806,377.374,383.051,393.114,383.009,374.22,380.613,372.847,387.262
302,320.394,315.415,338.149,329.312,328.154,317.446,318.351,312.594,287.157,291.145,305.38,305.941,314.732,338.457,348.126,339.796,343.619,325.958,319.383,318.461,311.424,301.965,308.068,314.193
303,356.579,347.163,367.931,382.959,380.862,346.733,355.006,336.146,328.219,334.488,347.388,348.45,346.29,366.01,348.511,362.603,359.667,360.591,349.781,341.711,335.15,334.359,340.667,343.632
304,57.7999,83.4732,78.152,108.827,84.8772,88.6478,76.5227,94.3412,68.6313,69.8528,78.3085,94.8354,107.346,124.813,110.439,146.545,147.431,151.418,146.295,127.034,130.886,116.745,139.112,141.189
305,198.51,188.183,207.783,195.242,198.508,190.517,183.748,170.133,154.292,163.494,171.365,158.068,155.691,182.002,180.585,183.245,184.99,168.967,160.139,151.161,155.798,140.527,131.46,137.006
306,354.105,351.628,362.014,364.789,370.02,370.481,344.389,362.904,369.414,363.904,371.096,381.904,382.489,399.848,401.893,395.547,396.828,376.053,395.836,387.214,400.253,401.623,409.585,420.284
307,131.158,137.519,149.094,138.918,144.27,143.808,138.963,146.49,143.571,147.931,138.09,154.214,138.528,143.179,148.431,160.355,170.058,154.064,152.519,152.056,156.809,148.563,150.256,147.616
308,321.419,310.849,329.298,328.816,314.499,295.766,318.182,295.075,283.09,289.793,287.411,294.688,282.903,294.75,285.123,299.59,290.539,286.674,313.074,304.348,293.114,302.846,308.089,294.126
309,219.154,221.124,259.067,254.65,248.837,223.263,214.634,217.646,225.136,201.152,217.557,216.374,233.49,255.6,252.681,253.834,268.068,248.796,245.601,219.829,228.272,216.577,221.772,228.913
310,267.164,267.272,274.068,278.146,296.967,279.072,284.749,277.505,272.155,276.244,278.459,263.775,293.319,309.764,327.745,332.57,308.237,312.605,296.939,377.451,369.656,364.421,367.401,385.377
311,59.757,69.4036,89.7085,98.0479,77.8267,76.4663,73.6292,66.9629,53.6426,71.9766,64.3782,73.6809,94.4324,87.7002,99.0137,93.7875,101.522,85.741,95.8837,85.5093,74.6842,75.1842,86.1723,79.4226
312,232.842,249.122,243.795,266.225,245.613,240.397,252.605,246.168,236.17,252.508,234.042,244.723,252.24,267.087,330.26,330.391,320.438,300.974,321.459,328.037,324.871,318.799,307.253,315.605
313,166.072,199.775,200.784,199.291,193.468,215.008,191.947,196.835,188.799,177.772,183.085,208.304,220.459,205.768,234.727,234.608,227.601,233.955,262.275,262.854,256.192,258.871,267.547,269.539
314,181.03,198.883,217.454,207.515,222.291,214.788,210.528,197.746,194.546,182.447,182.152,217.318,202.879,218.334,245.652,259.854,247.554,247.553,213.844,216.066,198.592,219.011,206.112,219.653
315,389.77,392.403,391.724,407.363,405.502,401.509,388.309,367.92,376.551,368.77,367.282,375.141,380.636,401.929,389.828,395.587,398.658,407.958,394.938,364.832,382.53,380.268,362.443,358.018
316,404.339,385.904,411.067,415.554,426.751,421.154,408.518,380.195,391.137,386.948,374.386,381.504,419.749,423.408,468.908,482.404,485.622,475.282,453.645,471.261,457.447,445.37,450.572,466.093
317,385.393,423.883,424.261,432.785,415.754,422.057,422.202,411.744,387.946,407.555,416.169,436.577,437.445,441.129,464.162,470.698,486.088,453.448,463.274,469.946,453.585,461.418,448.451,461.84
318,184.09,176.787,197.158,209.527,189.692,177.191,157.488,159.769,182.133,159.577,164.885,174.803,184.09,173.306,173.374,177.225,169.748,166.628,170.001,163.675,175.695,160.269,166.009,149.938
319,386.756,413.415,411.388,411.738,406.805,409.717,377.041,392.426,368.453,370.239,381.601,392.782,381.488,394.415,405.103,405.188,411.882,427.456,396.25,379.941,370.37,376.511,373.947,391.016
320,366.653,380.845,390.15,399.056,396.401,404.059,392.167,406.668,409.24,418.243,398.614,411.986,433.952,414.28,446.708,457.073,448.121,451.969,448.653,454.91,457.82,460.435,465.819,476.834
321,80.8662,95.2598,98.4191,107.373,113.343,123.335,126.925,100.471,109.239,105.751,122.462,145.26,147.574,165.264,189.364,189.275,182.586,188.805,177.363,183.796,183.422,171.417,191.646,201.381
322,221.899,217.394,221.696,211.004,236.182,226.771,231.061,206.645,213.838,222.954,215.259,234.653,236.87,251.01,263.915,271.082,264.376,253.725,251.108,254.404,237.739,244.661,247.304,257.446
323,290.072,316.455,329.762,330.854,324.74,319.91,325.989,325.206,323.375,323.154,320.924,340.559,350.039,356.973,363.847,381.383,364.941,379.572,361.331,373.957,374.337,364.112,384.735,382.792
324,188.142,209.202,222.498,221.895,243.592,219.905,207.692,207.863,188.721,198.476,182.161,202.427,228.158,246.037,237.842,241.997,252.428,236.211,229.197,228.507,210.449,197.852,208.253,229.295
325,293.421,274.435,290.131,282.757,287.079,300.28,276.794,272.914,263.961,279.784,246.871,274.612,284.588,286.468,303.842,308.912,287.113,311.456,277.997,294.367,281.556,275.441,278.558,286.742
326,102.421,120.091,128.706,140.26,146.375,137.613,142.964,100.007,115.177,110.767,122.957,133.44,140.876,158.065,162.008,178.586,157.939,172.917,210.41,197.22,192.988,192.869,210.236,237.003
327,128.542,142.343,128.89,140.31,153.091,149.666,160.556,137.827,168.758,140.07,140.434,162.099,160.327,175.926,181.549,211.345,208.605,219.629,213.521,224.782,215.333,211.492,210,228.028
328,393.211,400.688,399.346,415.957,406.996,394.34,391.716,366.944,360.133,361.431,375.407,379.169,396.693,390.047,408.589,405.3,395.842,399.279,385.957,371.741,369.92,365.724,367.749,372.263
329,226.211,243.33,245.408,241.193,236.678,237.196,200.939,214.496,183.985,183.461,192.189,220.129,225.509,227.063,230.729,235.729,247.689,232.901,218.765,214.541,200.394,206.924,186.001,208.554
330,171.893,184.245,195.538,195.816,203.064,198.251,190.987,203.997,192.069,186.735,196.147,195.531,211.083,222.849,224.2,242.457,236.363,235.032,228.728,252.351,220.846,210.647,219.581,247.22
331,331.875,341.901,354.482,366.432,365.88,357.902,360.995,377.311,364.086,372.321,376.062,382.98,392.257,409.16,416.78,419.519,415.147,424.397,419.849,416.991,441.503,411.05,437.407,431.888
332,131.906,130.561,147.86,136.768,142.847,120.361,108.076,112.235,166.707,187.973,163.845,171.231,188.133,185.425,181.418,210.142,182.38,182.202,173.635,172.527,163.923,150.181,154.445,158.686
333,214.953,222.784,233.098,235.77,239.638,231.054,238.373,220.467,277.547,280.972,295.499,296.199,302.619,300.888,310.135,312.49,332.59,322.313,305.098,301.399,295.245,294.179,308.388,309.33
334,188.608,213.922,211.39,213.709,211.669,219.795,187.418,206.61,185.635,174.918,183.603,183.69,211.607,207.553,289.793,300.972,285.564,284.017,268.75,269.085,288.005,272.679,267.792,272.291
335,365.783,389.356,387.678,409.488,405.549,389.043,400.234,381.569,398.6,393.07,416.498,420.892,416.78,422.044,442.802,467.158,493.541,476.856,480.097,466.042,464.888,468.071,483.813,488.087
336,113.96,126.024,131.638,135.673,137.859,140.84,136.131,123.052,128.811,121.129,123.141,138.398,138.009,162.818,158.255,167.785,160.398,171.466,179.627,159.696,162.101,176.311,166.14,166.421
337,145.411,158.388,147.126,159.499,163.02,167.834,165.967,172.22,143.188,144.275,158.053,158.009,174.989,185.446,209.411,237.114,235.357,243.295,226.95,210.649,214.932,200.955,213.74,238.634
338,270.52,271.764,273.59,280.363,261.79,269.627,243.367,235.847,244.728,223.371,239.57,237.869,249.142,243.6,246.595,249.8,237.128,230.991,233.21,221.954,213.142,212.441,225.439,211.209
339,213.751,211.978,222.016,222.1,225.446,223.334,226.142,210.348,200.006,216.225,219.04,228.613,230.354,239.719,232.371,231.123,218.506,230.967,222.205,226.44,224.101,227.731,225.06,236.576
340,111.26,121.18,110.425,108.867,111.001,103.06,92.2226,89.7552,81.3,92.3458,87.9807,86.3794,87.0249,97.8954,101.471,85.9537,82.6179,96.8756,73.6341,84.4107,89.2862,87.2264,79.9462,81.0858
341,309.213,328.912,324.986,331.319,331.483,331.574,332.675,340.519,334.226,351.464,354.029,363.906,353.161,355.679,375.548,403.737,394.091,381.599,390.729,394.452,418.083,443.403,436.071,442.992
342,245.083,261.87,260.931,266.899,263.867,276.869,250.604,256.219,248.211,259.714,253.829,271.996,258.881,279.268,276.679,273.936,278.879,275.313,273.793,267.014,261.739,265.015,256.493,280.617
343,143.841,166.276,176.798,174.684,180.44,153.571,131.347,141.816,121.496,107.143,200.157,217.378,206.401,244.168,224.886,233.433,218.403,218.947,205.139,181.887,206.868,175.718,176.873,194.69
344,175.059,161.51,173.946,184.452,190.21,185.062,198.834,191.999,191.87,179.05,206.586,192.346,219.417,228.441,222.145,230.406,199.659,223.261,233.17,231.281,214.626,224.207,210.372,239.746
345,303.103,299.685,305.077,294.353,307.364,286.778,282.023,292.442,289.251,291.973,284.988,306.989,295.677,298.743,300.178,307.013,302.451,298.902,298.009,274.279,272.105,284.644,284.061,292.001
346,266.931,293.383,285.207,308.318,293.711,297.679,300.509,287.77,268.07,275.788,274.454,282.852,309.98,326.149,335.137,341.731,336.746,329.939,316.143,313.809,302.043,305.784,318.555,326.846
347,387.002,399.738,419.717,416.397,421.566,419.349,409.312,413.032,414.889,421.637,432.554,436.649,448.918,449.579,478.106,475.257,489.904,494.154,479.848,470.893,478.641,484.667,486.389,494.844
348,343.967,340.947,353.568,354.364,335.341,344.934,416.802,409.613,399.287,379.829,407.165,405.004,398.859,408.953,421.872,426.762,414.719,419.059,389.943,387.776,373.432,380.066,400.612,409.777
349,251.402,238.784,246.878,256.086,258.343,248.564,250.16,250.388,258.702,242.097,245.887,264.158,254.772,255.798,274.115,283.833,278.209,272.031,257.2,264.3,272.119,252.477,263.503,268.081
350,45.1538,44.92,63.5193,57.6093,73.025,66.9606,59.5887,27.921,33.5629,32.6374,31.9731,26.4033,77.7881,72.6782,77.0315,63.9405,78.0631,64.3877,61.9679,51.9093,45.0419,39.8905,46.7855,42.2338
351,292.617,298.113,287.726,303.062,311.564,290.119,281.293,279.849,269.388,267.277,238.267,280.218,279.976,303.111,283.063,276.558,286.802,276.061,272.381,264.639,246.861,241.712,249.163,248.833
352,219.701,215.726,241.263,242.191,248.638,241.929,242.56,229.841,225.532,246.979,235.247,252.611,272.042,283.518,292.167,294.038,298.827,301.642,289.486,266.817,274.909,286.128,281.347,308.929
353,318.327,330.038,315.589,327.17,335.356,326.081,332.721,303.802,299.723,318.671,321.524,317.574,328.252,336.939,328.988,331.929,338.372,340.921,319.787,322.958,319.421,323.989,322.66,322.885
354,382.536,395.839,396.418,398.503,395.325,402.539,373.453,360.079,359.551,359.536,357.224,367.912,380.649,386.41,380.271,393.22,370.449,355.16,370.244,340.709,344.298,351.709,346.583,348.018
355,87.3834,94.5282,105.824,118.572,115.933,99.8713,78.9895,90.4359,72.985,83.4303,75.0012,80.9395,100.551,128.671,123.594,121.824,121.356,97.5673,92.9977,72.2892,99.3064,95.4376,89.4934,95.2244
356,191.569,194.24,229.486,224.42,213.306,218.743,212.616,218.48,219.971,216.665,233.445,237.998,258.084,258.947,296.306,273.965,273.633,271.427,274.648,259.278,274.168,258.949,282.022,280.058
357,246.425,253.497,261.098,266.102,276.4,258.883,270.872,246.296,227.868,230.999,231.283,252.868,245.017,259.06,273.825,287.786,290.172,284.332,267.616,252.805,252.805,235.277,233.441,260.461
358,146.769,150.746,149.763,147.551,153.413,148.016,150.738,239.702,220.448,224.056,217.695,235.613,238.358,243.238,242.932,252.37,255.734,248.059,244.402,252,237.845,240.798,248.999,239.608
359,285.462,290.746,299.919,304.543,303.236,300.02,312.865,285.386,299.968,379.43,391.095,383.072,399.056,410.582,426.924,425.584,415.25,420.211,429.207,410.52,418.89,421.239,422.788,454.402
360,137.761,143.074,161.193,162.901,163.081,177.283,158.18,136.926,167.111,148.745,161.623,190.574,193.295,210.105,215.439,220.619,234.54,235.526,228.691,216.02,216.785,204.098,230.91,242.373
361,135.18,152.517,158.792,155.093,155.285,170.731,178.251,166.379,172.508,177.303,177.93,178.818,198.132,217.463,221.583,229.926,223.438,225.776,225.004,224.101,234.112,209.19,234.808,243.465
362,397.321,403.625,410.073,413.115,407.179,417.579,398.007,375.599,363.482,377.645,377.256,376.203,404.077,411.51,427.84,431.721,421.748,424.765,405.724,396.25,388.542,400.276,393.576,416.731
363,375.62,371.215,372.987,379.924,384.589,400.31,392.516,402.809,398.519,395.366,399.434,413.015,421.773,429.871,425.77,433.98,440.525,434.806,430.102,434.036,440.583,451.083,460.574,445.619
364,241.296,247.448,273.473,273.725,268.899,265.718,267.325,240.785,235.754,251.62,247.618,263.232,275.098,285.611,293.969,308.818,310.579,303.617,275.975,286.413,266.773,262.711,272.807,291.673
365,316.208,321.61,335.669,334.466,324.121,339.527,325.161,337.995,311.659,321.435,320.02,322.929,333.321,433.908,426.003,421.262,412.965,411.448,417.181,412.658,413.559,397.173,417.356,431.424
366,395.64,391.217,397.353,416.441,406.496,410.643,401.033,395.674,402.572,427.876,420.805,503.546,502.226,526.014,515.332,519.018,530.009,550.932,550.078,530.883,529.916,525.112,544.22,552.361
367,366.77,366.392,380.603,383.837,382.242,386.336,364.204,365.037,369.683,361.18,373.353,380.088,401.539,400.178,413.75,411.809,405.994,409.636,411.19,411.69,437.069,425.831,429.15,446.758
368,51.6527,55.3805,59.4185,66.8421,69.3896,70.822,65.5531,53.1121,58.1275,43.0892,34.2736,45.4912,47.3747,51.7334,51.1341,55.5035,62.6464,68.2657,36.6535,36.0671,36.8948,47.8461,40.4639,38.3304
369,263.861,275.83,288.826,294.622,308.208,299.802,300.145,296.605,286.582,280.945,301.286,309.747,342.846,340.498,356.657,361.366,360.336,356.054,354.534,350.405,352.466,347.789,349.582,363.728
370,401.695,414.29,420.989,421.694,421.698,440.723,422.947,426.178,425.705,412.788,425.531,432.571,435.331,455.482,471.734,469.11,471.953,470.614,484.033,447.609,463.744,459.154,462.123,475.093
371,122.756,129.455,126.953,140.355,141.633,129.031,118.999,111.371,126.029,129.094,122.332,148.554,151.722,171.617,172.185,165.767,179.204,178.815,165.072,153.915,164.171,156.601,178.652,174.827
372,276.892,284.182,269.358,276.621,273.406,267.576,270.08,252.837,258.729,262.48,258.046,255.498,276.814,279.488,269.05,268.441,269.914,278.308,271.227,270.42,257.906,251.853,268.016,259.971
373,249.114,271.299,253.522,270.66,271.624,280.374,247.967,253.574,250.1,233.732,239.481,250.989,247.943,266.094,287.33,347.746,340.17,335.767,330.396,322.814,305.622,320.211,321.429,323.703
374,325.367,339.734,340.746,335.133,335.944,344.163,338.678,341.588,342.322,426.39,413.005,430.535,433.879,444.023,458.428,463.704,468.865,460.546,454.401,451.399,439.008,465.362,456.476,469.798
375,208.13,227.688,233.468,216.303,237.421,223.433,202.98,183.162,192.485,184.179,170.744,187.545,224.268,209.248,210.176,210.082,258.353,242.316,235.289,214.511,213.915,193.411,203.537,211.528
376,140.779,174.491,171.389,175.467,183.482,183.912,170.966,176.068,160.567,158.239,160.916,155.255,181.681,162.964,184.383,192.429,185.203,183.809,196.092,184.163,165.745,166.751,163.464,185.866
377,183.693,185.852,191.125,212.843,194.285,192.447,172.049,171.559,146.853,152.081,148.958,161.452,186.746,182.294,200.606,209.845,194.765,195.394,181.368,167.726,165.255,171.251,154.28,159.372
378,378.586,394.397,407.126,403.127,403.677,394.59,402.259,392.262,390.751,385.905,389.745,392.167,420.79,435.32,441.616,445.442,438.103,423.595,420.196,418.576,420.115,416.195,409.101,412.001
379,355.791,377.34,374.363,381.042,382.247,385.831,379.398,376.102,375.195,367.482,375.926,376.824,387.343,398.631,425.755,423.317,411.339,421.612,405.349,421.845,399.741,410.111,418.83,412.417
380,180.591,204.114,201.736,210.02,211.167,201.395,188.563,180.639,173.246,176.285,165.648,173.176,187.774,184.847,184.032,200.26,191.248,175.473,178.866,176.04,143.79,161.589,134.713,157.751
381,317.945,344.332,354.476,375.825,354.26,361.071,354.801,352.057,369.329,363.742,366.049,376.557,388.273,401.068,404.949,419.959,422.375,419.163,424.571,423.354,416.959,423.479,448.865,458.766
382,161.318,177.728,201.576,192.683,202.555,202.582,193.713,206.892,193.135,214.79,206.538,217.203,223.624,236.242,250.012,241.142,262.863,262.18,272.564,269.628,322.126,328.256,337.214,360.769
383,266.04,283.846,289.95,306.869,290.909,291.261,283.656,300.344,297.565,305.634,297.384,317.345,325.341,333.979,413.929,434.983,445.678,422.238,437.598,409.524,439.741,423.239,440.073,441.804
384,326.816,330.501,349.726,374.363,370.09,354.33,353.861,348.438,343.316,336.399,353.078,383.19,385.583,404.363,419.891,444.93,429.716,435.697,416.482,413.514,412.991,409.158,422.139,444.451
385,146.266,154.314,165.751,159.346,174.986,178.51,184.175,169.431,171.46,155.342,172.339,196.46,195.82,226.872,238.357,243.028,240.764,233.066,249.835,235.362,230.595,227.131,239.076,253.431
386,91.7256,88.7816,109.621,113.68,122.717,131.765,95.2126,123.828,100.891,106.568,98.0093,126.754,130.819,141.704,136.148,157.78,164.986,153.45,159.599,154.133,137.063,155.982,149.126,158.613
387,308.129,342.015,349.246,346.754,336.594,324.828,319.612,332.395,305.706,290.962,321.429,332.746,343.978,348.974,357.834,352.026,333.555,344.779,341.509,327.435,321.461,313.758,316.838,347.111
388,142.713,161.005,142.14,162.223,163.145,160.068,164.094,162.345,141.202,148.776,148.204,149.919,166.497,179.057,182.867,178.221,181.882,178.957,170.97,175.322,173.173,177.985,167.427,177.113
389,106.119,112.016,115.373,107.454,97.5132,114.094,97.9811,79.9155,89.1591,70.7347,87.0795,91.4457,77.8347,95.4478,100.877,116.313,86.7062,98.3047,79.4213,61.7897,64.9605,63.1912,55.4746,70.2687
390,321.325,330.818,344.311,341.594,329.451,335.063,338.413,343.601,343.879,348.948,339.782,351.196,341.172,363.965,358.275,370.364,396.357,373.436,361.62,369.316,360.805,358.511,387.008,385.07
391,197.024,174.792,222.75,207.122,208.77,213.429,206.216,206.226,265.09,259.007,273.362,286.501,274.749,278.99,298.51,287.359,288.098,287.11,287.333,273.021,280.008,286.532,288.749,300.156
392,211.237,226.401,237.424,242.384,240.001,248.255,251.547,248.001,241.693,238.849,245.21,255.753,314.096,326.82,320.478,334.313,343.862,335.708,345.876,339.445,337.107,346.891,356.154,355.36
393,198.481,216.647,241.331,222.42,232.992,250.969,234.017,224.651,224.995,231.489,247.058,237.828,246.414,251.844,272.283,265.65,274.989,270.088,282.791,266.972,272.872,258.668,277.99,275.896
394,328.201,303.143,325.226,304.902,311.643,295.061,297.736,285.96,275.299,282.928,332.323,344.915,356.719,346.144,357.463,365.14,366.181,364.759,341.496,330.526,318.326,324.377,320.619,326.244
395,215.91,252.09,261.269,288.049,276.352,271.233,267.925,256.147,253.528,258.983,262.772,276.275,288.431,304.086,327.361,337.272,324.85,338.194,330.823,325.104,315.545,319.699,340.025,333.693
396,260.933,269.243,278.2,294.58,276.478,271.299,303.625,288.037,289.429,286.143,295.505,285.395,297.513,311.813,298.535,318.276,319.774,320.521,317.787,351.836,345.482,363.206,363.642,360.77
397,135.09,159.784,164.9,176.473,192.546,187.452,189.876,181.115,181.513,167.84,187.765,200.594,226.507,226.992,245.249,253.152,264.352,253.893,259.222,236.597,237.196,235.586,268.356,279.546
398,356.3,363.476,359.635,356.145,360.76,341.465,332.002,325.715,312.352,315.361,308.035,328.533,329.858,342.12,321.009,349.469,318.256,314.684,310.921,317.967,302.745,295.569,291.392,290.084
399,183.593,208.344,232.689,231.658,229.99,220.455,228.782,216.771,211.952,202.718,214.843,213.4,236.634,231.02,249.368,264.981,286.405,247.819,287.036,290.639,297.88,285.187,294.833,297.185
400,223.738,224.036,228.199,221.392,229.499,248.153,237.212,241.426,233.389,242.994,236.869,254.84,264.11,270.814,267.215,276.327,286.162,281.399,281.11,298.953,277.344,296.396,283.135,303.806
401,150.502,171.591,167.427,179.789,163.584,164.205,144.289,140.231,127.527,118.395,125.612,132.077,140.997,172.129,169.252,157.481,166.495,169.479,143.46,148.922,120.768,128.03,135.262,139.237
402,254.854,251.806,262.303,252.064,255.716,247.066,247.083,237.235,233.677,223.48,221.944,236.771,235.272,260.335,256.715,257.003,260.739,249.917,228.474,224.457,234.897,224.535,212.393,234.586
403,338.017,363.681,385.051,405.347,399.918,386.408,400.168,371.849,382.501,387.048,384.727,411.065,418.014,444.326,437.757,463.784,460.574,470.758,455.965,461.068,452.824,450.51,466.462,480.221
404,254.883,273.879,273.434,261.336,248.69,256.007,272.164,243.615,240.074,235.957,253.016,242.317,241.142,259.345,253.636,241.006,236.081,251.042,236.892,219.347,213.381,216.227,214.6,209.11
405,250.637,265.258,281.168,279.922,283.087,274.427,262.127,272.243,249.696,231.818,248.16,249.36,273.091,272.347,284.982,301.322,304.617,292.953,284.729,269.852,260.537,253.192,268.452,280.643
406,54.7577,64.0788,63.795,59.4769,67.1651,59.0228,67.5821,52.663,36.7831,45.4811,43.5738,55.9588,47.3404,59.0982,61.1685,63.8913,54.4436,61.324,53.5717,54.021,38.8505,33.7378,44.8091,36.5135
407,217.402,227.056,232.995,227.312,242.065,233.714,218.493,237.252,220.641,210.716,214.666,236.982,244.569,242.933,249.184,250.201,244.531,240.381,238.625,236.752,222.604,234,241.652,232.104
408,302.621,297.318,306.63,303.817,317.269,308.895,293.229,278.801,280.48,286.173,285.336,290.257,298.564,310.427,309.579,315.729,302.591,325.932,296.315,293.3,291.218,281.757,287.321,292.781
409,368.689,373.067,358.144,367.135,382.977,400.815,371.379,364.334,355.981,343.388,359.568,346.88,351.613,356.718,378.795,371.969,371.621,366.434,351.768,349.625,345.77,337.878,346.526,345.991
410,397.128,381.428,397.945,397.628,404.306,393.698,381.92,379.94,375.829,373.223,365.655,460.395,465.976,456.085,467.291,470.147,461.475,451.564,455.17,451.719,438.813,450.537,460.675,463.368
411,321.584,320.858,347.797,366.758,363.121,347.493,336.869,336.398,323.578,337.748,336.937,347.58,362.204,386.049,396.653,404.573,404.435,396.729,380.049,373.479,370.477,390.192,369.525,389.333
412,97.8423,115.42,130.501,130.799,117.824,114.311,108.799,103.319,91.154,104.804,102.488,107.588,106.963,126.814,118.283,132.298,131.826,134.416,140.877,124.131,151.37,144.323,151.685,164.654
413,212.069,220.651,246.706,227.987,239.235,229.623,201.439,196.066,189.096,195.872,191.465,202.035,236.576,278.207,268.488,274.957,263.598,254.387,263.551,221.557,230.806,215.843,225.341,231.795
414,379.885,374.207,386.35,389.517,395.816,405.865,412.221,395.438,397.108,404.35,398.614,418.473,423.433,429.428,440.367,428.997,448.12,432.364,428.748,440.33,428.806,439.876,447.045,456.689
415,344.159,362.166,380.139,383.261,369.071,367.406,358.086,354.97,345.35,355.386,365.696,362.118,377.537,386.36,404.333,395.138,395.378,389.533,381.427,388.986,379.993,381.461,395.359,403.586
416,330.607,321.636,352.772,347.631,335.353,333.17,317.969,322.824,317.053,309.077,328.332,337.956,334.985,340.221,351.77,350.572,340.835,339.851,336.441,334.539,328.208,328.579,317.138,340.282
417,155.947,141.629,144.577,139.286,158.029,132.172,138.783,125.499,123.414,152.726,176.925,169,168.265,194.77,185.758,194.531,197.207,189.91,162.466,179.523,168.797,165.591,169.413,162.448
418,195.555,188.624,213.809,214.7,206.213,201.215,197.769,210.727,203.092,221.107,211.006,216.251,233.544,234.405,246.976,259.725,255.298,255.765,255.672,239.72,256.837,257.504,268.297,273.015
419,116.471,127.855,125.582,144.877,149.403,140.493,145.301,120.126,121.306,131.672,137.677,140.195,133.844,161.395,173.849,169.966,169.97,163.331,154.248,161.041,177.543,159.449,161.729,178.66
420,204.349,223.557,217.67,239.491,235.136,253.779,237.006,232.965,239.185,235.439,230.446,252.258,263.068,263.315,284.844,275.563,292.868,298.444,296.557,291.778,295.229,293.19,306.22,315.973
421,251.276,240.465,247.267,250.962,247.867,259.346,244.819,242.216,240.677,238.398,237.108,255.324,275.697,279.969,298.788,297.151,371.667,380.76,361.372,359.105,356.732,370.468,362.978,365.681
422,354.071,375.701,377.79,409.183,389.666,383.481,375.73,395.704,382.293,380.897,394.711,404.313,412.611,416.121,424.331,429.706,432.676,433.217,437.077,427.277,420.124,427.639,439.616,426.389
423,121.551,124.852,132.317,141.565,131.603,134.275,140.964,142.452,135.794,153.944,149.004,155.325,168.262,172.271,186.357,176.907,176.02,185.908,189.109,178.942,178.953,194.339,191.535,192.333
424,303.108,307.617,294.272,308.543,314.046,311.304,285.047,289.915,274.7,282.969,283.061,295.368,306.514,310.211,319.627,312.065,334.867,295.866,292.373,294.785,286.93,282.221,285.849,269.982
425,197.096,195.49,207.889,206.319,203.9,186.846,187.566,179.285,179.035,180.176,173.936,165.836,181.861,206.844,202.436,165.944,187.435,188.731,172.52,163.003,158.894,162.636,149.501,171.512
426,207.165,214.64,242.726,224.296,214.246,226.383,232.988,300.918,312.409,307.162,301.612,299.338,327.068,318.734,322.777,328.908,323.936,329.786,329.947,335.963,326.565,321.24,322.752,343.619
427,191.516,208.403,223.757,215.621,224.374,224.205,212.492,222.805,221.718,228.576,220.379,238.353,259.261,274.762,276.782,262.864,278.557,271.093,275.704,265.729,258.208,271.829,286.105,291.027
428,286.968,305.728,331.789,326.35,326.681,322.884,312.916,303.775,304.648,300.06,310.312,317.93,341.018,360.727,367.135,360.134,382.052,374.01,402.533,409.263,387.61,408.288,406.836,401.922
429,330.079,365.067,361.065,362.13,360.27,373.61,353.376,361.155,353.56,355.337,355.678,367.674,382.664,394.434,427.176,437.699,446.845,424.583,434.154,422.917,420.248,432.069,430.585,433.343
430,304.29,322.96,319.022,317.461,305.366,313.785,294.71,310.422,299.67,288.169,302.179,316.81,301.523,312.052,307.331,312.442,298.177,306.543,301.959,311.066,278.626,289.215,302.74,293.638
431,125.963,132.687,148.51,143.651,143.218,135.962,129.078,135.799,124.059,130.341,140.582,140.033,143.732,157.231,148.775,166.451,161.466,149.727,141.061,133.679,137.427,135.326,121.551,131.795
432,290.483,283.167,278.79,284.259,294.104,277.003,283.003,265.406,260.439,269.994,258.184,274.212,274.054,267.861,276.734,273.374,278.709,287.175,264.11,266.348,258.429,256.579,255.523,252.441
433,79.665,86.0226,105.249,82.5486,105.542,82.4678,83.0581,68.5179,59.9883,76.0055,83.053,73.1145,86.5425,93.2891,113.358,85.3178,103.362,88.6781,67.5039,75.3239,87.1424,65.2318,79.5151,89.4594
434,280.017,276.977,282.331,281.921,298.197,275.584,289.41,275.173,286.026,262.477,275.218,273.492,281.488,293.882,290.034,298.23,310.5,307.647,311.896,308.996,306.186,299.809,318.531,308.94
435,298.891,321.091,314.59,321.853,316.659,305.191,293.051,284.762,278.113,257.659,272.52,275.982,284.033,307.244,297.924,294.697,308.69,282.584,267.348,278.862,264.489,263.47,258.215,257.592
436,227.043,238.129,242.371,246.238,246.306,236.258,235.756,231.447,206.828,230.597,228.639,236.433,227.531,241.205,239.48,256.183,238.152,238.663,245.641,231.607,225.914,239.761,242.103,244.779
437,363.417,369.78,379.322,390.923,392.647,377.957,377.582,346.039,328.58,346.048,337.493,350.261,350.22,369.113,373.072,384.952,382.318,377.794,375.448,359.402,332.61,347.498,346.865,353.971
438,329.871,324.948,330.414,342.585,334.247,326.074,331.56,340.363,325.03,326.981,312.936,341.556,408.788,412.902,427.736,432.082,422.458,430.154,431.535,414.593,406.04,411.774,424.457,415.883
439,198.089,229.852,218.262,239.785,249.769,235.92,211.13,202.868,201.625,208.919,215.83,215.716,233.95,249.482,266.395,290.085,266.759,260.927,251.02,256.511,245.614,238.792,249.427,257.864
440,126.517,127.787,149.409,151.049,140.575,149.77,134.299,134.395,126.326,121.229,117.082,128.562,143.16,139.056,151.644,141.539,155.131,147.153,129.1,130.992,135.995,117.161,120.74,133.757
441,162.848,182.832,189.181,196.343,186.839,196.079,196.853,183.506,187.915,184.758,186.08,192.754,207.866,213.972,234.82,244.566,258.045,244.693,226.934,248.13,254.138,263.208,261.391,278.712
442,186.133,194.186,209.082,216.64,223.302,222.521,221.996,219.462,208.457,222.2,217.795,239.315,250.706,311.585,331.073,342.209,340.615,341.779,340.068,327.626,301.866,341.532,334.285,343.724
443,215.799,213.416,222.346,215.504,222.954,227.767,220.534,223.861,236.341,241.821,238.796,235.209,249.702,247.832,266.477,273.077,272.462,278.799,281.657,281.832,272.403,283.583,294.046,309.911
444,339.137,348.01,355.466,349.943,362.183,331.229,343.58,323.17,320.595,304.339,315.507,326.197,314.525,330.36,320.567,338.122,330.048,327.683,343.25,324.04,291.63,304.619,308.416,305.352
445,319.163,327.826,329.099,333.536,341.28,348.58,338.864,350.442,331.387,340.605,341.35,356.625,354.914,385.832,364.625,396.997,386.1,389.293,393.534,387.704,374.496,387.243,402.506,388.205
446,144.737,137.199,154.302,157.644,150.204,161.174,148.298,139.819,138.695,143.191,143.059,141.648,154.579,159.486,155.558,164.489,170.484,166.819,155.259,157.37,140.509,139.808,147.513,166.286
447,329.591,348.411,335.541,336.079,342.122,336.183,323.806,343.176,387.792,388.237,385.369,393.541,418.096,408.214,421.576,433.282,445.349,426.268,424.686,413.671,418.542,394.774,417.881,419.501
448,172.589,189.333,204.54,204.163,211.055,199.28,210.452,220.657,218.781,215.922,225.284,226.233,256.999,271.689,290.031,316.156,293.466,289.57,292.953,295.925,316.848,299.58,301.67,310.883
449,184.082,185.824,205.654,209.479,193.982,192.292,184.613,183.83,172.379,172.804,174.054,201.914,187.477,222.297,206.258,229.108,212.747,201.3,220.937,218.719,198.418,203.471,201.986,213.672
450,154.153,149.558,150.576,146.436,148.21,162.291,139.092,151.167,143.706,144.497,137.366,142.376,147.85,146.435,155.218,156.912,169.843,152.616,132.283,154.075,141.069,158.004,154.363,140.519
451,157.518,166.138,167.967,192.208,170.449,158.124,155.304,218.971,204.178,207.092,206.453,215.562,223.249,243.677,247.519,256.751,257.016,248.506,235.883,230.826,265.018,253.659,257.529,249.801
452,90.8728,77.952,83.9165,91.691,78.7077,80.0299,77.883,73.0706,68.094,58.4087,58.4935,54.5548,52.6988,65.837,74.0078,117.738,128.541,128.752,103.056,110.861,122.313,111.136,91.0197,111.973
453,47.9168,60.1368,59.3103,74.7888,69.0544,46.8668,57.2093,37.3227,32.174,33.785,32.4428,45.9286,43.7306,63.8224,63.3205,68.5465,64.5031,63.3468,48.6592,28.8113,19.3716,20.8923,17.3579,21.8113
454,145.066,143.137,148.48,143.92,160.794,178.807,177.935,169.473,161.002,167.366,175.25,201.261,214.164,212.751,217.725,239.587,224.2,235.356,285.005,276.204,280.931,285.14,309.231,322.178
455,339.002,348.922,346.112,347.939,343.874,335.082,324.256,324.05,296.052,318.714,307.305,314.839,321.597,315.97,318.058,317.216,319.4,319.235,299.136,298.835,267.293,279.054,291.577,284.61
456,121.346,119.175,129.173,120.007,127.599,148.868,141.094,122.583,126.621,133.415,129.852,194.245,219.952,236.755,245.963,254.002,236.555,248.149,242.346,240.603,238.309,236.703,223.617,266.107
457,70.6422,71.2393,78.5167,103.162,96.2187,97.1748,102.962,91.1484,93.4488,103.181,95.2215,118.975,122.451,146.632,153.815,159.575,146.945,159.678,150.154,158.345,140.822,150.559,179.215,182.309
458,387.232,405.162,412.502,433.516,418.859,414.201,392.669,390.937,388.633,383.429,388.417,406.608,468.94,473.021,492.706,494.416,497.312,477.154,470.422,460.501,459.888,461.051,461.603,479.307
459,168.437,166.342,183.136,187.32,172.233,179.929,156.697,153.82,150.825,142.613,152.486,160.414,164.084,185.952,183.351,211.135,189.908,174.676,166.728,174.339,155.148,145.464,166.57,164.472
460,326.084,346.25,361.342,388.061,386.304,380.164,359.12,355.671,352.397,354.707,379.498,376.201,390.172,410.171,401.263,421.575,414.327,418.681,411.963,407.169,412.013,413.926,416.98,432.299
461,371.175,385.419,410.911,401.92,397.31,415.74,405.317,412.065,406.874,426.004,417.513,442.018,432.258,448.126,470.265,466.891,487.756,469.355,474.268,488.155,462.726,465.775,478.994,500.461
462,119.355,120.419,133.915,131.188,125.069,119.765,123.559,126.985,128.879,112.269,131.429,138.949,149.617,164.767,158.772,153.846,148.45,168.664,155.407,168.486,172.903,151.244,171.863,183.307
463,344.311,351.226,332.577,355.298,364.542,357.057,353.223,345.313,337.498,346.265,350.363,361.108,369.555,372.466,386.778,378.564,370.443,383.548,376.923,376.068,359.713,384.587,379.489,377.741
464,71.9622,100.177,91.8359,108.273,86.7717,85.2415,81.3229,69.9755,65.9252,50.2427,57.1366,73.3441,67.2599,87.0273,87.5925,93.3085,89.3613,74.8187,68.8335,61.8725,52.3314,62.7585,60.5719,61.711
465,191.379,203.136,205.71,204.967,207.834,207.702,202.531,214.961,202.228,199.238,209.069,221.509,223.188,242.941,233.508,257.832,249.518,247.167,238.14,229.994,224.444,232.803,248.392,243.952
466,341.432,357.792,365.324,374.974,346.993,352.009,362.038,350.412,359.794,355.627,370.204,371.711,378.926,374.211,382.526,384.464,375.921,398.605,390.388,379.259,391.32,376.902,370.84,399.403
467,154.43,161.903,168.488,159.782,164.92,142.166,155.572,120.718,120.811,109.491,116.219,129.001,134.276,157.273,156.768,153.268,152.361,154.832,141.209,113.692,109.001,114.704,115.751,111.354
468,385.735,400.724,409.329,421.262,421.79,415.235,412.8,427.901,426.776,428.769,436.373,438,454.589,483.592,481.425,476.003,521.286,503.566,534.554,531.852,522.186,518.522,527.015,548.557
469,137.864,157.433,175.146,194.031,203.824,187.433,181.847,169.093,191.609,183.684,219.086,200.257,235.741,237.612,234.152,251.569,259.269,251.262,257.761,255.578,325.083,323.566,321.632,341.17
470,96.7503,105.855,130.077,118.092,121.015,103.589,78.6951,88.2201,69.3809,68.3568,64.3133,79.6049,96.48,104.356,115.87,118.699,84.9038,83.5268,67.7651,76.441,57.6459,55.6723,59.5485,70.6275
471,374.236,380.719,379.903,410.286,397.202,389.875,378.72,403.931,403.719,409.923,407.74,428.932,438.087,470.446,449.072,469.575,470.1,456.428,458.824,457.608,448.187,458.916,435.995,456.715
472,179.948,169.222,197.75,179.067,159.066,177.326,165.351,177.264,169.995,159.941,177.524,175.244,164.163,172.629,180.205,173.935,173.286,173.923,161.937,149.435,166.878,148.166,156.913,152.909
473,274.181,289.16,304.021,301.835,303.886,294.717,271.575,245.371,243.827,244.151,311.911,316.289,334.982,363.565,346.82,351.946,336.524,346.659,330.306,316.351,310.475,291.23,293.472,316.174
474,382.06,370.704,391.427,393.555,394.999,394.862,399.207,387.531,382.57,453.983,465.335,459.361,459.524,467.168,470.404,471.097,488.492,463.345,475.558,462.293,449.623,460.181,459.907,473.55
475,246.05,255.847,248.411,255.03,251.403,238.086,246.69,238.039,236.592,240.262,248.49,234.332,242.312,242.766,245.058,247.902,249.906,253.13,246.902,231.78,247.554,243.575,229.769,249.584
476,235.012,245.402,252.443,246.684,270.829,263.853,271.283,267.129,260.726,275.411,276.615,287.524,298.362,326.188,318.251,329.125,325.528,341.471,329.217,328.331,328.187,336.545,333.786,337.084
477,262.525,281.891,277.97,295.914,282.449,268.447,287.006,301.588,293.471,288.048,299.758,311.564,310.767,340.119,321.637,338.753,339.807,329.38,331.862,343.681,337.962,342.488,331.652,356.656
478,358.969,369.235,373.512,398.28,388.918,372.218,393.187,370.365,372.407,380.138,360.809,380.727,385.504,399.197,406.572,406.604,407.02,414.873,405.695,400.546,399.74,414.032,404.336,404.895
479,287.027,305.052,306.432,308.879,322.244,325.925,301.706,308.106,288.543,293.135,305.436,327.963,323.424,333.895,349.45,354.673,349.244,369.041,346.622,345.246,338.75,346.632,358.207,370.374
480,243.011,252.182,269.147,273.907,279.505,265.901,258.843,235.404,239.527,249.973,248.926,272.231,265.17,281.572,289.869,307.811,294.017,299.836,293.168,294.213,291.123,284.763,276.068,295.768
481,105.048,107.567,120.037,145.789,139.895,145.073,129.239,132.947,135.112,146.257,150.049,156.297,167.292,173.843,187.529,204.532,187.74,204.722,293.78,282.16,281.501,297.344,288.735,305.199
482,343.299,361.841,374.669,362.969,367.532,355.2,338.959,316.641,337.681,313.434,335.275,335.422,332.847,352.679,374.161,371.769,352.54,343.575,340.088,327.978,331.53,325.007,307.938,332.06
483,190.038,182.721,193.099,191.966,180.778,189.173,275.188,240.895,250.214,248.636,253.373,248.219,251.023,257.898,284.424,267.901,270.444,287.093,258.544,261.319,262.905,261.199,244.407,254.202
484,206.003,197.703,202.647,208.488,213.757,196.077,190.649,175.462,192.901,176.124,183.373,177.42,181.775,173.003,170.229,197.311,184.815,180.168,161.367,156.977,167.026,169.344,150.313,163.085
485,154.695,155.447,158.07,171.841,162.209,154.991,160.855,153.87,149.366,107.671,144.955,148.939,154.59,167.375,170.39,176.387,167.845,177.849,166.151,158.316,196.871,201.204,202.779,199.512
486,312.655,289.836,322.547,319.476,344.008,331.679,322.166,325.243,322.37,329.54,336.954,344.371,365.184,378.796,378.493,380.795,400.453,402.927,403.372,400.799,409.678,408.977,430.037,444.2
487,390.459,407.129,406.979,406.392,404.816,399.935,397.868,376.809,370.768,374.857,371.508,389.673,383.817,392.517,411.686,415.286,402.347,412.393,406.627,375.788,385.086,351.346,381.815,373.985
488,241.696,270.02,264.364,288.274,270.216,283.465,254.628,261.443,257.675,276.177,271.521,263.182,281.379,295.732,321.153,326.284,319.352,315.596,321.817,303.152,314.078,315.308,316.295,331.521
489,124.784,131.513,142.95,140.951,146.293,131.511,110.453,114.846,87.0379,99.7055,98.0592,106.743,124.079,129.402,148.37,148.416,140.356,147.826,127.407,119.463,117.575,114.776,111.903,114.039
490,27.469,72.8413,81.4416,74.9318,83.108,73.3275,53.1762,59.1871,31.9796,39.5209,42.0749,44.8362,64.7251,83.6328,91.2406,90.4,68.9028,64.8853,67.2587,56.0119,45.4039,62.4905,51.4469,63.0481
491,46.0129,51.6197,78.1856,75.5423,64.6562,58.9015,71.9159,58.7546,63.9475,52.0668,60.0815,64.9131,65.8192,77.9597,76.1605,93.029,95.05,93.6843,86.1197,74.786,85.0305,79.637,87.0482,94.0722
492,227.108,234.608,238.39,249.335,244.625,229.154,233.019,222.244,225.814,229.552,218.515,214.451,232.52,234.743,237.908,234.352,234.623,230.262,229.302,218.142,222.006,209.888,209.303,208.619
493,376.137,404.354,399.496,394.526,397.077,370.594,378.489,376.464,357.607,340.751,352.607,371.163,370.328,364.243,399.541,371.561,375.999,361.975,351.998,346.68,347.719,349.304,336.882,336.901
494,200.488,209.183,212.368,225.059,233.83,214.197,207.879,205.15,194.597,205.485,205.571,204.101,221.691,221.635,219.146,232.396,230.984,233.529,227.67,215.315,209.17,212.465,218.034,224.421
495,293.462,292.226,286.447,300.839,303.128,286.286,266.104,258.736,263.52,242.736,249.067,274.302,280.723,289.432,300.386,296.467,309.699,354.354,345.504,341.549,328.855,322.861,316.472,344.673
496,107.166,111.422,113.571,123.654,115.302,107.112,105.882,77.0874,120.211,126.708,122.98,126.201,127.227,134.435,177.854,167.03,157.055,156.36,134.744,128.437,115.396,108.783,106.567,119.271
497,302.534,305.121,310.189,316.871,310.667,317.464,314.16,356.402,321.423,333.333,340.092,351.352,343.936,353.914,385.906,374.207,364.975,361.878,365.146,346.757,349.103,337.534,334.639,367.577
498,173.49,190.496,202.935,200.95,205.61,198.737,201.325,182.287,194.466,193.399,263.869,278.718,284.134,293.623,312.96,318.94,311.21,307.555,305.562,297.336,310.984,302.339,305.558,307.605
499,138.987,166.656,175.104,172.851,172.876,148.426,128.845,132.279,133.652,101.619,122.138,119.686,142.031,168.539,157.32,159.665,163.264,148.032,134.731,132.453,120.126,114.685,112.734,117.258
